overall_review,overall_review_count,recent_review,recent_review_count,genres,categories,age_rating,discount_percentage
83,654304,94,7771,RPG,"Single-player, Steam Achievements, Steam Trading Cards, Steam Cloud, Family Sharing",1,-50
65,70065,86,1593,"Action, Strategy","Single-player, Online PvP, LAN PvP, Online Co-op, LAN Co-op, Steam Achievements, Steam Trading Cards, Steam Cloud, Family Sharing",1,-50
88,137294,89,2657,"Action, Adventure, Indie","Single-player, Online Co-op, Steam Cloud",0,-40
87,1640234,91,15926,"Action, Adventure","Single-player, Online PvP, Online Co-op, Steam Achievements, Remote Play on Phone, Remote Play on Tablet, Remote Play on TV",1,-64
97,565138,95,6869,"Indie, Simulation","Single-player, Online Co-op, Steam Achievements, Steam Trading Cards, Steam Workshop, Steam Cloud, Includes level editor, Remote Play on Phone, Remote Play on Tablet, Remote Play Together, Family Sharing",0,-75
83,120455,81,730,"Action, Adventure, Massively Multiplayer, RPG","MMO, Online PvP, Online Co-op, Steam Trading Cards, Captions available, In-App Purchases, Family Sharing",1,-70
97,123236,96,1857,"Indie, Simulation","Single-player, Online Co-op, Steam Achievements, Steam Trading Cards, Steam Workshop, Steam Cloud, Includes level editor, Remote Play Together, Family Sharing",0,-75
93,18076,94,8106,"Action, Adventure, Indie","Online Co-op, Family Sharing",0,-20
82,156839,73,1747,Action,"Online PvP, Online Co-op, Steam Achievements, Steam Trading Cards, In-App Purchases, Steam Leaderboards, Remote Play on Tablet, Remote Play on TV",1,-65
97,91295,96,1544,"Adventure, Casual, RPG, Simulation","Single-player, Steam Achievements, Steam Trading Cards, Steam Cloud, Family Sharing",0,-25
94,160313,93,1766,RPG,"Single-player, Steam Achievements, Steam Cloud, Remote Play on Phone, Remote Play on Tablet, Family Sharing",1,-80
89,138648,81,1258,"Action, Adventure, RPG","Single-player, Steam Achievements, Steam Trading Cards, Captions available, In-App Purchases, Remote Play on Phone, Remote Play on Tablet",1,-85
96,706971,95,3950,RPG,"Single-player, Steam Achievements, Steam Trading Cards, Steam Workshop, Steam Cloud, Remote Play on Tablet, Remote Play on TV, Family Sharing",1,-75
91,51963,91,348,"Action, Adventure, Casual, Simulation, Strategy","Single-player, Steam Achievements, Steam Trading Cards, Steam Workshop, Steam Cloud, Family Sharing",0,-95
77,11358,81,495,"Adventure, Indie, RPG, Strategy","Single-player, Online Co-op, Cross-Platform Multiplayer, Steam Achievements, Steam Trading Cards, Steam Workshop, Steam Cloud, Family Sharing",0,-30
76,323228,85,2581,"Action, Adventure, Massively Multiplayer","MMO, Online PvP, Online Co-op, Steam Achievements, Steam Workshop, Steam Cloud, Valve Anti-Cheat enabled",1,-40
93,82815,81,122,"Action, Strategy","Single-player, Online PvP, LAN PvP, Online Co-op, LAN Co-op, Steam Achievements, Steam Trading Cards, Steam Workshop, Remote Play on Tablet, Family Sharing",1,-75
67,77993,69,733,"Action, Adventure, Indie","Online Co-op, Cross-Platform Multiplayer, Steam Achievements, Captions available, In-App Purchases, Family Sharing",0,-40
94,386317,89,4517,"Action, Adventure, Indie, RPG, Early Access","Single-player, Online Co-op, Steam Cloud, Remote Play on Tablet, Family Sharing",0,-50
70,19884,64,647,"Action, Adventure, RPG","Single-player, Captions available, In-App Purchases",1,-80
90,66088,86,447,"Action, Adventure","Single-player, Shared/Split Screen PvP, Steam Achievements, Steam Cloud, Steam Leaderboards, Remote Play on Phone, Remote Play on Tablet, Remote Play on TV, Remote Play Together, Family Sharing",1,-80
88,22330,93,559,"Simulation, Strategy","Single-player, Steam Achievements, Steam Cloud, Stats, HDR available, Family Sharing",1,-70
59,47538,63,1687,"Action, Adventure, Indie, Massively Multiplayer, RPG, Early Access","Single-player, MMO, Online PvP, LAN PvP, Online Co-op, LAN Co-op, Shared/Split Screen Co-op, Cross-Platform Multiplayer, Steam Achievements, Includes level editor, Remote Play Together, Family Sharing",1,-20
91,58665,91,2522,"Indie, Early Access","Single-player, Online Co-op, Steam Achievements, Steam Cloud, Family Sharing",0,-20
78,30992,72,40,"Action, Strategy","Single-player, Online PvP, LAN PvP, Online Co-op, LAN Co-op, Steam Achievements, Steam Trading Cards, Steam Workshop, Family Sharing",1,-75
97,124005,97,1032,"Adventure, Indie","Single-player, Steam Achievements, Steam Trading Cards, Steam Cloud, Remote Play on TV, Family Sharing",1,-34
91,9931,87,583,"Action, Adventure, RPG","Single-player, Online Co-op, Shared/Split Screen Co-op, Cross-Platform Multiplayer, Steam Achievements, Steam Trading Cards, Family Sharing",1,-50
87,6759,87,502,"Adventure, RPG, Strategy","Single-player, Online PvP, Shared/Split Screen PvP, Online Co-op, Shared/Split Screen Co-op, Cross-Platform Multiplayer, Steam Achievements, Captions available, Steam Cloud, Includes level editor, Remote Play Together, Family Sharing",0,-20
85,102918,84,657,"Action, RPG","Single-player, Online Co-op, LAN Co-op, Cross-Platform Multiplayer, Steam Achievements, Steam Trading Cards, Steam Cloud, Remote Play on Phone, Remote Play on Tablet, Remote Play on TV, Family Sharing",1,-85
86,92389,81,825,"Action, Adventure, RPG","Single-player, Steam Achievements, Steam Trading Cards, Captions available, In-App Purchases, Remote Play on Tablet",1,-85
27,25228,37,1797,"Simulation, Sports","Single-player, Online PvP, Shared/Split Screen PvP, Online Co-op, Shared/Split Screen Co-op, Steam Achievements, In-App Purchases, Steam Cloud, Remote Play Together, Family Sharing",1,-84
95,56095,95,957,"Action, Adventure","Single-player, Steam Achievements, Steam Trading Cards, Steam Cloud, Remote Play on Phone, Remote Play on Tablet, Remote Play on TV, Family Sharing",1,-40
92,26417,91,826,"Action, Adventure, RPG","Single-player, Family Sharing",0,-30
80,3206,81,90,Action,"Single-player, Online PvP, Shared/Split Screen PvP, Steam Cloud, Remote Play Together, Family Sharing",0,-20
84,35383,77,928,"Action, Adventure, RPG","Single-player, Online Co-op, Steam Achievements, Steam Cloud, Family Sharing",1,-40
97,271800,95,3627,Strategy,"Single-player, Online Co-op, Steam Achievements, In-App Purchases, Remote Play on Phone, Remote Play on Tablet, Family Sharing",0,-65
88,71856,92,493,"Action, Adventure, RPG","Single-player, Steam Achievements, Steam Trading Cards, In-App Purchases, Steam Cloud, Family Sharing",1,-90
85,21866,89,822,"Action, Adventure","Single-player, Steam Achievements, Tracked Controller Support, VR Supported, Steam Cloud, Family Sharing",1,-60
89,27441,87,472,"Adventure, Simulation","Single-player, Online Co-op, Steam Achievements, Steam Trading Cards, Steam Cloud, Remote Play on Phone, Remote Play on Tablet, Family Sharing",0,-50
84,77875,85,354,"Action, Indie","Single-player, Online Co-op, Steam Achievements, Steam Trading Cards, Family Sharing",0,-80
92,22076,93,472,"Racing, Simulation, Sports","Single-player, Online PvP, LAN PvP, VR Supported, Family Sharing",0,-43
97,134358,96,2149,"Indie, Strategy","Single-player, Steam Achievements, Steam Trading Cards, Steam Workshop, Steam Cloud, Stats, Steam Leaderboards, Remote Play on Phone, Remote Play on Tablet, Remote Play on TV, Family Sharing",0,-66
77,8721,74,120,"RPG, Strategy","Single-player, Steam Achievements, Steam Trading Cards, Steam Cloud, Family Sharing",1,-70
88,2721,85,61,RPG,"Single-player, Steam Achievements, Steam Trading Cards, Steam Cloud, Family Sharing",1,-80
88,3620,84,801,"Casual, Simulation, Strategy","Single-player, Steam Cloud, Family Sharing",0,-35
79,126774,76,1279,"Action, Adventure, RPG","Single-player, Online Co-op, Steam Achievements, Steam Trading Cards, Steam Cloud, Remote Play on TV, Family Sharing",0,-68
91,79905,96,973,"Action, Adventure","Single-player, Steam Achievements, Steam Trading Cards, Steam Cloud, Steam Leaderboards, Remote Play on Phone, Remote Play on Tablet, Remote Play on TV, Family Sharing",1,-85
80,10893,74,171,Strategy,"Single-player, Online PvP, LAN PvP, Shared/Split Screen PvP, Online Co-op, LAN Co-op, Shared/Split Screen Co-op, Cross-Platform Multiplayer, Steam Achievements, Steam Trading Cards, Steam Workshop, Steam Cloud, Remote Play Together, Family Sharing",0,-100
85,8597,81,218,"Action, Early Access","Single-player, Online Co-op, Steam Achievements, Family Sharing",0,-25
88,57739,79,599,"Action, Adventure","Single-player, In-App Purchases",1,-70
89,3579,89,28,Strategy,"Single-player, Online PvP, Shared/Split Screen PvP, Steam Achievements, Steam Cloud, Remote Play Together, Family Sharing",0,-50
75,14385,76,396,"Indie, RPG, Strategy","Single-player, Steam Achievements, Steam Trading Cards, Steam Cloud, Family Sharing",1,-33
75,12552,78,192,"Action, Adventure, RPG","Single-player, Online Co-op, LAN Co-op, Steam Achievements, Family Sharing",1,-75
96,23374,93,490,"Racing, Simulation","Single-player, Steam Achievements, Steam Trading Cards, Steam Workshop, Steam Cloud, Stats, Includes level editor, Family Sharing",0,-29
90,44357,92,584,"Action, Casual, Indie","Single-player, Online PvP, Shared/Split Screen PvP, Online Co-op, Shared/Split Screen Co-op, Steam Achievements, Steam Trading Cards, Steam Cloud, Remote Play on Phone, Remote Play on Tablet, Remote Play on TV, Remote Play Together, Family Sharing",0,-77
95,12790,96,227,"Action, Casual, Indie, Strategy","Single-player, Online Co-op, Shared/Split Screen Co-op, Steam Achievements, Steam Workshop, Steam Cloud, Remote Play on TV, Remote Play Together, Family Sharing",0,-50
72,5437,51,157,Action,"Single-player, Online Co-op, Cross-Platform Multiplayer, Steam Achievements, In-App Purchases, HDR available, Family Sharing",1,-60
85,22492,84,1470,"Action, Early Access","Single-player, Steam Achievements, Steam Cloud, Family Sharing",0,-20
92,12118,84,86,Action,"Single-player, Steam Achievements, Steam Leaderboards, Remote Play on TV, Family Sharing",0,-80
72,12500,62,388,"Action, Simulation, Sports, Early Access","Single-player, Online PvP, Shared/Split Screen PvP, Steam Achievements, Steam Cloud, Remote Play Together, Family Sharing",0,-20
96,103249,96,1473,"Adventure, Indie, Strategy","Single-player, Steam Achievements, Steam Trading Cards, Steam Cloud, Family Sharing",0,-50
95,36365,94,244,RPG,"Single-player, Steam Cloud, Family Sharing",0,-80
91,10679,81,169,"Action, Indie","Single-player, Steam Achievements, Steam Trading Cards, Family Sharing",0,-35
85,610,86,80,"Action, Casual, Indie, Early Access","Online PvP, Online Co-op, Steam Achievements, Steam Cloud, Stats, Family Sharing",0,-25
93,16833,96,717,"Action, Adventure, Indie","Single-player, Steam Achievements, Steam Cloud, Family Sharing",0,-22
74,7803,81,43,RPG,"Single-player, Steam Achievements, Tracked Controller Support, VR Only, SteamVR Collectibles, Steam Cloud, Family Sharing",1,-75
87,50058,85,870,"Action, Adventure, Indie, Simulation","Single-player, Online Co-op, Steam Achievements, Steam Trading Cards, Steam Cloud, Remote Play on Tablet, Family Sharing",0,-67
80,7575,64,441,"Action, Indie, Massively Multiplayer, Strategy, Early Access","Single-player, Online PvP, LAN PvP, Online Co-op, LAN Co-op, Steam Achievements, Family Sharing",0,-18
87,1936,75,100,"Action, Adventure, Indie, Simulation","Single-player, Steam Achievements, Family Sharing",0,-10
97,115077,97,1088,"Indie, Simulation, Strategy","Single-player, Online PvP, Steam Achievements, Remote Play on Phone, Remote Play on Tablet, Remote Play Together, Family Sharing",0,-66
91,25279,75,281,"Indie, Simulation","Single-player, Steam Achievements, Steam Cloud, Family Sharing",0,-55
96,5818,91,143,"Indie, RPG","Single-player, Shared/Split Screen Co-op, Steam Achievements, Steam Cloud, Remote Play Together, Family Sharing",0,-30
96,22790,96,188,"Adventure, Indie","Single-player, Steam Achievements, Steam Cloud, Remote Play on TV, Family Sharing",0,-40
84,10770,67,194,"Indie, Simulation, Sports, Strategy","Single-player, Steam Achievements, Family Sharing",1,-70
94,27640,92,669,"Adventure, Indie","Single-player, Online Co-op, Steam Achievements, Steam Cloud, Remote Play on Phone, Remote Play on Tablet, Remote Play on TV, Family Sharing",0,-70
95,8467,95,333,"Action, Adventure","Single-player, Steam Achievements, Steam Cloud, HDR available, Family Sharing",0,-40
84,24422,86,307,RPG,"Single-player, Steam Achievements, Steam Trading Cards, Remote Play on Phone, Remote Play on Tablet",1,-80
85,41175,76,117,Action,"Single-player, Online PvP, Online Co-op, Steam Achievements, Family Sharing",1,-75
97,4426,99,126,"Action, Adventure, Casual, Indie","Single-player, Steam Achievements, Steam Trading Cards, Steam Cloud, Remote Play on TV, Family Sharing",0,-70
95,22024,93,294,"Action, Adventure, RPG","Single-player, Steam Achievements, Steam Cloud, Family Sharing",0,-20
88,3174,90,52,"Casual, Indie, Simulation, Strategy","Single-player, Steam Achievements, Steam Trading Cards, Steam Cloud, Family Sharing",0,-75
84,68245,86,443,Strategy,"Single-player, Steam Achievements, Steam Trading Cards, Steam Workshop, Steam Cloud, Remote Play on Tablet, Family Sharing",1,-95
87,2671,84,63,"Action, Adventure, Casual, Indie","Single-player, Online Co-op, Shared/Split Screen Co-op, Remote Play Together, Family Sharing",0,-35
98,323872,98,3052,"Action, Adventure","Single-player, Online Co-op, Shared/Split Screen Co-op, Steam Achievements, Steam Trading Cards, Captions available, Steam Workshop, Steam Cloud, Stats, Includes level editor, Commentary available, Remote Play on Phone, Remote Play on Tablet, Remote Play on TV, Remote Play Together, Family Sharing",0,-59
74,6183,66,165,"Action, Adventure, RPG","Single-player, Online Co-op, Steam Achievements, Steam Trading Cards, Steam Cloud, Family Sharing",1,-65
93,44441,91,542,"Action, Indie","Single-player, Steam Cloud, Remote Play on Phone, Remote Play on Tablet, Remote Play on TV, Family Sharing",0,-50
57,1384,46,54,"Action, Strategy","Single-player, Online PvP, Cross-Platform Multiplayer, Steam Achievements, Steam Trading Cards, Steam Cloud, HDR available, Family Sharing",1,-80
95,8596,88,394,RPG,"Single-player, Steam Achievements, Steam Trading Cards, Steam Cloud, Family Sharing",1,-30
72,3396,65,334,Action,"Single-player, Online PvP, Cross-Platform Multiplayer, Steam Achievements, Family Sharing",0,-40
86,31246,86,272,"Adventure, Indie, RPG, Simulation","Single-player, Steam Achievements, Steam Trading Cards, Steam Cloud, Remote Play on Phone, Remote Play on Tablet, Remote Play on TV, Family Sharing",0,-80
91,3380,94,111,"Action, Adventure, Casual, Indie, Strategy","Single-player, Online PvP, LAN PvP, Shared/Split Screen PvP, Online Co-op, LAN Co-op, Shared/Split Screen Co-op, Steam Achievements, Steam Trading Cards, Steam Cloud, Remote Play on TV, Remote Play Together, Family Sharing",0,-20
76,71226,44,616,"Action, Adventure, Massively Multiplayer, RPG, Simulation, Strategy","Single-player, MMO, VR Supported, In-App Purchases, Remote Play on Tablet, Family Sharing",1,-70
96,119917,95,315,Strategy,"Single-player, Steam Achievements, Steam Trading Cards, Steam Cloud, Remote Play on Tablet, Family Sharing",0,-75
95,18683,96,120,RPG,"Single-player, Steam Cloud, Family Sharing",0,-75
95,4489,93,166,"Adventure, Indie","Single-player, Steam Achievements, Steam Trading Cards, Steam Cloud, Family Sharing",1,-40
91,19818,93,243,"Adventure, Indie, Simulation, Strategy","Single-player, Online Co-op, Shared/Split Screen Co-op, Steam Achievements, Steam Cloud, Remote Play on Phone, Remote Play on Tablet, Remote Play on TV, Remote Play Together, Family Sharing",0,-75
91,9793,91,184,"Action, Adventure, Indie, Simulation","Single-player, Steam Achievements, Steam Trading Cards, Steam Workshop, Steam Cloud, Steam Leaderboards, Family Sharing",1,-60
62,10982,65,266,"Action, Adventure, RPG, Early Access","Single-player, Online Co-op, Steam Achievements, Family Sharing",0,-20
93,18091,92,453,"Action, Adventure, Indie, Racing, Simulation","Single-player, Online PvP, Online Co-op, Steam Achievements, Steam Trading Cards, Steam Workshop, Steam Leaderboards, Remote Play on TV, Family Sharing",0,-70
91,12535,90,318,"Action, Adventure","Single-player, Steam Achievements, Steam Trading Cards, Steam Cloud, Family Sharing",1,-62
74,16986,82,56,"Action, Adventure, Indie, RPG","Single-player, Online PvP, Online Co-op, Steam Achievements, Steam Trading Cards, Family Sharing",0,-80
86,12982,77,49,"Adventure, Casual, Indie, RPG, Simulation","Single-player, Steam Achievements, Steam Trading Cards, Captions available, Steam Cloud, Family Sharing",0,-50
86,2320,85,69,"Adventure, Indie, RPG","Single-player, Steam Achievements, Steam Cloud, Family Sharing",0,-30
92,9462,92,57,Strategy,"Single-player, Steam Achievements, Steam Trading Cards, Steam Cloud, Remote Play on TV, Family Sharing",0,-80
51,324,61,54,Strategy,"Single-player, Online PvP, Online Co-op, Cross-Platform Multiplayer, In-App Purchases",1,-67
76,744,58,55,"Racing, Simulation, Sports","Single-player, Online PvP, Shared/Split Screen PvP, Steam Achievements, Steam Trading Cards, Steam Cloud, Family Sharing",1,-60
84,11148,81,104,"Adventure, Casual, Indie","Online Co-op, Steam Achievements, Steam Trading Cards, Steam Cloud, Family Sharing",0,-62
89,6981,70,27,Strategy,"Single-player, Steam Achievements, Steam Cloud, Stats, Steam Leaderboards, Family Sharing",0,-80
98,12425,98,205,"Action, Adventure, Indie","Single-player, Steam Achievements, Steam Cloud, Steam Leaderboards, Family Sharing",1,-40
85,41852,82,207,"Action, Adventure, RPG","Single-player, Online Co-op, Steam Achievements, Steam Trading Cards, Steam Cloud, Remote Play on Tablet, Remote Play on TV, Family Sharing",1,-70
98,16880,100,111,Indie,"Single-player, Steam Achievements, Steam Cloud, Remote Play on Phone, Remote Play on Tablet, Remote Play on TV, Family Sharing",0,-30
65,29340,74,344,"Action, Adventure","Single-player, Steam Achievements, Steam Cloud, Family Sharing",1,-70
95,16341,90,186,Action,"Single-player, Steam Achievements, Steam Trading Cards, Steam Cloud, Steam Leaderboards, Family Sharing",1,-90
82,60064,45,336,"Action, Massively Multiplayer, Racing","Single-player, MMO, Online PvP, Online Co-op, Steam Achievements, In-App Purchases, Remote Play on Phone, Remote Play on Tablet",1,-80
73,3929,75,72,"Action, Adventure, Indie, RPG, Simulation, Early Access","Single-player, Online Co-op, Cross-Platform Multiplayer, Steam Cloud, Family Sharing",0,-25
97,72001,95,1082,"Action, Casual, Indie, RPG","Single-player, Steam Achievements, Steam Workshop, Steam Cloud, Remote Play on TV, Family Sharing",0,-25
81,4692,74,82,Racing,"Single-player, Online PvP, Shared/Split Screen PvP, Steam Achievements, Steam Trading Cards, Steam Cloud, Family Sharing",1,-85
93,101978,91,363,Action,"Single-player, Steam Achievements, Steam Trading Cards, Steam Cloud, Remote Play on Tablet, Remote Play on TV, Family Sharing",0,-75
85,43331,86,451,Action,"Single-player, Steam Achievements",0,-70
95,7005,95,41,Strategy,"Single-player, Steam Trading Cards, Steam Cloud, Family Sharing",0,-80
84,8981,79,99,"Action, Adventure, Indie, Strategy","Single-player, Online Co-op, Steam Achievements, Steam Trading Cards, Steam Cloud, Steam Leaderboards, Remote Play on TV, Family Sharing",0,-70
89,32982,92,256,"Action, Adventure","Single-player, Steam Achievements, Steam Trading Cards, Steam Cloud, Steam Leaderboards, Family Sharing",0,-80
83,2037,83,54,"Action, Indie, RPG, Early Access","Single-player, Family Sharing",0,-33
95,34926,95,269,"Adventure, Indie","Single-player, Steam Achievements, Steam Trading Cards, Steam Cloud, Remote Play on TV, Family Sharing",1,-75
86,256,85,27,"Action, Adventure, Indie, RPG, Simulation, Early Access","Single-player, Online Co-op, Family Sharing",0,-10
79,7109,84,225,Racing,"Single-player, Online PvP, Shared/Split Screen PvP, Steam Achievements, Steam Trading Cards, Steam Cloud, Remote Play on TV, Remote Play Together, Family Sharing",0,-90
86,5299,95,89,Adventure,"Single-player, Steam Achievements, Steam Cloud, Family Sharing",1,-34
98,134295,98,1334,Action,"Single-player, Steam Achievements, Captions available, Includes level editor, Includes Source SDK, Commentary available, Remote Play on Phone, Remote Play on Tablet, Remote Play Together, Family Sharing",0,-90
85,56544,81,422,"Action, Adventure","Single-player, Steam Achievements, Steam Trading Cards, Steam Cloud, Remote Play on Phone, Remote Play on Tablet, Remote Play on TV, Family Sharing",1,-56
96,17323,93,102,Strategy,"Single-player, Online PvP, Steam Achievements, Steam Trading Cards, Steam Cloud, Remote Play on Phone, Remote Play on Tablet, Family Sharing",0,-80
93,13906,92,100,"Indie, Strategy","Single-player, Online PvP, Online Co-op, Steam Achievements, Steam Trading Cards, Steam Workshop, Steam Cloud, Valve Anti-Cheat enabled, Stats, Steam Leaderboards, Family Sharing",0,-75
95,22693,93,619,"Action, Indie","Online PvP, Shared/Split Screen PvP, Remote Play Together, Family Sharing",0,-50
67,5810,41,516,"Racing, Simulation, Sports","Single-player, Online PvP, Cross-Platform Multiplayer, Steam Achievements, VR Supported, Steam Cloud, HDR available",1,-30
96,15205,95,135,"Action, Adventure, Indie, RPG","Single-player, Online PvP, LAN PvP, Shared/Split Screen PvP, Online Co-op, LAN Co-op, Shared/Split Screen Co-op, Cross-Platform Multiplayer, Steam Achievements, Steam Trading Cards, Steam Workshop, Steam Cloud, Includes level editor, Remote Play on Phone, Remote Play on Tablet, Remote Play on TV, Remote Play Together, Family Sharing",1,-75
92,843,88,26,"Indie, Strategy","Single-player, Online Co-op, Shared/Split Screen Co-op, Cross-Platform Multiplayer, Steam Achievements, Steam Trading Cards, Steam Cloud, Stats, Remote Play Together, Family Sharing",0,-60
97,23331,97,905,"Action, Adventure, Indie","Single-player, Steam Cloud, Family Sharing",0,-25
94,11168,97,72,"Action, Adventure, Casual, Indie","Single-player, Online Co-op, Shared/Split Screen Co-op, Steam Achievements, Steam Trading Cards, Steam Cloud, Remote Play Together, Family Sharing",0,-33
93,94279,90,533,"Action, Casual, Indie","Online PvP, Shared/Split Screen PvP, Remote Play on Phone, Remote Play on Tablet, Remote Play Together, Family Sharing",0,-60
71,71007,72,174,"Action, Adventure, RPG","Single-player, Steam Trading Cards, In-App Purchases",0,-85
78,29349,74,237,"Action, Adventure, Indie, Massively Multiplayer, Early Access","Online PvP, Online Co-op, Family Sharing",0,-60
85,9408,87,213,"Action, Indie, Massively Multiplayer, Simulation, Strategy","Single-player, Online PvP, Steam Achievements, Steam Trading Cards, Steam Cloud, Family Sharing",0,-67
79,1267,82,28,"Action, Strategy","Single-player, Steam Achievements, Steam Cloud, Family Sharing",1,-60
83,1053,82,56,"Adventure, Indie, Massively Multiplayer","Single-player, MMO, Family Sharing",0,-40
95,34623,94,308,"Action, Adventure, Indie","Single-player, Steam Achievements, Steam Trading Cards, Steam Workshop, Steam Cloud, Remote Play on TV, Remote Play Together, Family Sharing",1,-90
94,7279,95,82,"Indie, Strategy","Single-player, Online PvP, Shared/Split Screen PvP, Online Co-op, Shared/Split Screen Co-op, Steam Achievements, Steam Trading Cards, Steam Cloud, Steam Leaderboards, Steam Turn Notifications, Remote Play Together, Family Sharing",0,-50
92,16369,92,190,"Action, Indie, Strategy","Single-player, Online PvP, LAN PvP, Online Co-op, LAN Co-op, Steam Achievements, Steam Trading Cards, Captions available, Steam Workshop, Steam Cloud, Steam Leaderboards, Includes level editor, Family Sharing",0,-40
86,6367,92,57,Action,"Single-player, Online Co-op, Steam Achievements, In-App Purchases, Steam Cloud, Steam Leaderboards, Family Sharing",0,-85
84,296,88,45,"Indie, Simulation","Single-player, Steam Achievements, Steam Trading Cards, Family Sharing",0,-30
60,8997,64,199,"Action, Adventure",Single-player,1,-80
94,22147,93,197,"Action, Adventure","Single-player, Online PvP, Online Co-op, Steam Achievements, Steam Trading Cards, Captions available, Steam Workshop, Steam Cloud, Includes level editor, Commentary available, Remote Play on TV, Family Sharing",0,-50
76,7916,70,51,Strategy,"Single-player, Online PvP, Online Co-op, Cross-Platform Multiplayer, Steam Achievements, Steam Trading Cards, Steam Cloud, Family Sharing",0,-80
44,2617,34,23,"Sports, Strategy","Single-player, Online PvP, Shared/Split Screen PvP, Steam Achievements, Steam Trading Cards, In-App Purchases, Steam Cloud, Family Sharing",1,-50
84,7436,82,233,"Action, Indie","Online PvP, Online Co-op, Steam Achievements, Steam Leaderboards, Family Sharing",0,-50
87,30575,80,140,"Action, Adventure, Casual, Indie, Strategy","Single-player, Online PvP, Online Co-op, Cross-Platform Multiplayer, Steam Achievements, Steam Cloud, Steam Leaderboards, Family Sharing",0,-30
85,26422,87,200,"Adventure, Strategy","Single-player, Steam Achievements",1,-70
84,27707,80,362,"Action, Adventure","Single-player, Family Sharing",0,-65
96,52725,97,539,"Action, Adventure, Indie","Single-player, Steam Achievements, Steam Trading Cards, Steam Cloud, Family Sharing",1,-90
79,841,87,39,"Action, Adventure","Single-player, Online Co-op, Steam Achievements, Tracked Controller Support, VR Only, Family Sharing",0,-35
70,2563,76,65,"Action, Adventure, RPG","Single-player, In-App Purchases",1,-85
95,26449,92,210,"Action, Adventure, Indie","Single-player, Steam Achievements, Steam Trading Cards, Steam Workshop, Steam Cloud, Includes level editor, Remote Play on TV, Family Sharing",0,-85
82,2505,77,61,"Adventure, Indie, RPG, Simulation, Sports, Strategy","Single-player, Steam Achievements, Steam Trading Cards, Steam Cloud, Family Sharing",0,-40
74,354,68,88,"Indie, Simulation, Strategy","Single-player, Family Sharing",0,-20
69,4904,60,28,"Action, Adventure","Single-player, Steam Achievements, Steam Trading Cards, Steam Cloud, Family Sharing",0,-80
49,12441,55,29,"Action, Simulation, Strategy","Single-player, Online PvP, Steam Achievements, Steam Trading Cards, Steam Workshop, Steam Cloud, Stats, Includes level editor, Family Sharing",1,-80
93,1350,91,34,"Action, Adventure, Indie, RPG","Single-player, Online Co-op, LAN Co-op, Shared/Split Screen Co-op, Steam Achievements, Steam Trading Cards, Steam Cloud, Remote Play Together, Family Sharing",1,-34
90,32824,85,235,"Action, Adventure","Single-player, Steam Achievements, Steam Trading Cards, Steam Cloud, Remote Play on TV, Family Sharing",0,-75
77,1666,76,34,"Adventure, Casual, Indie, Simulation","Single-player, Steam Achievements, Steam Trading Cards, Steam Cloud, Family Sharing",0,-50
90,33606,90,727,"Action, Adventure, Indie","Single-player, Steam Achievements, Steam Trading Cards, Steam Cloud, Remote Play on Phone, Remote Play on Tablet, Remote Play on TV, Family Sharing",0,-50
91,23052,90,161,"Indie, Simulation, Strategy","Single-player, Online PvP, Shared/Split Screen PvP, Online Co-op, Shared/Split Screen Co-op, Steam Achievements, Steam Trading Cards, Steam Cloud, Steam Leaderboards, Remote Play on Phone, Remote Play on Tablet, Remote Play on TV, Remote Play Together, Family Sharing",0,-81
94,26577,88,213,"Action, Adventure, RPG","Single-player, Online PvP, Shared/Split Screen PvP, Online Co-op, Shared/Split Screen Co-op, Steam Achievements, Captions available, Steam Cloud, Remote Play on Phone, Remote Play on Tablet, Remote Play on TV, Remote Play Together, Family Sharing",0,-33
63,19483,58,374,"Action, Adventure","Single-player, Steam Achievements, Steam Trading Cards, Steam Cloud, Remote Play on TV, Family Sharing",1,-37
84,999,72,18,Adventure,"Single-player, Steam Achievements, Steam Cloud, Family Sharing",1,-65
85,3443,86,45,"Simulation, Strategy","Single-player, Steam Achievements, Steam Trading Cards, Steam Workshop, Steam Cloud, Family Sharing",0,-84
95,9960,92,107,"Adventure, Indie, RPG, Strategy","Single-player, Steam Achievements, Steam Cloud, Family Sharing",0,-40
96,25383,96,302,"Action, Indie","Single-player, Online PvP, Online Co-op, Cross-Platform Multiplayer, Steam Achievements, Captions available, Steam Workshop, Steam Cloud, Includes level editor, Family Sharing",0,-55
86,11231,85,102,RPG,"Single-player, Steam Achievements, Steam Trading Cards, Steam Cloud, Remote Play on Phone, Remote Play on Tablet, Remote Play on TV, Family Sharing",1,-30
89,5420,86,66,"Action, Adventure","Single-player, Steam Achievements, Steam Cloud, Remote Play on Phone, Remote Play on Tablet, Remote Play on TV, Remote Play Together, Family Sharing",1,-90
81,1971,76,34,"Action, Adventure, RPG","Single-player, Steam Achievements, Steam Trading Cards, Steam Cloud, Family Sharing",0,-60
93,285,92,57,"Casual, Indie, Simulation","Single-player, Steam Achievements, Family Sharing",0,-20
90,566,88,54,"Indie, Strategy, Early Access","Single-player, Steam Achievements, Steam Cloud, Family Sharing",0,-20
94,36738,91,142,Strategy,"Single-player, Cross-Platform Multiplayer, Steam Achievements, Steam Trading Cards, Steam Cloud, Remote Play on TV, Family Sharing",0,-95
60,2278,46,28,"Action, Strategy","Single-player, Online PvP, Online Co-op, Cross-Platform Multiplayer, Family Sharing",1,-50
94,8063,95,63,"Casual, Indie, RPG, Strategy","Single-player, Steam Achievements, Steam Trading Cards, Steam Cloud, Family Sharing",0,-66
80,6692,77,76,"Adventure, Casual, Indie","Online Co-op, Steam Achievements, Steam Trading Cards, Steam Cloud, Family Sharing",1,-80
94,325,95,98,Adventure,"Single-player, Steam Achievements, Family Sharing",0,-10
74,10301,66,206,"Action, Adventure, Casual, Indie, Simulation, Strategy","Single-player, Steam Achievements, Family Sharing",0,-60
94,15737,94,89,"Indie, RPG, Simulation, Strategy","Single-player, Steam Achievements, Steam Trading Cards, Steam Cloud, Remote Play on Phone, Remote Play on Tablet, Remote Play on TV, Family Sharing",1,-50
96,18544,96,112,"Casual, Indie, Simulation","Single-player, Family Sharing",0,-60
88,1187,69,13,"Adventure, Indie","Single-player, Steam Achievements, Tracked Controller Support, VR Supported, Captions available, Steam Cloud, Remote Play on TV, Family Sharing",0,-40
91,8080,76,46,"Action, Adventure, Indie, RPG","Single-player, Steam Achievements, Steam Trading Cards, Steam Cloud, Family Sharing",1,-65
84,1126,81,11,Simulation,"Single-player, Steam Workshop, Includes level editor, Family Sharing",0,-55
94,16298,94,217,"Action, Adventure, Indie, RPG","Single-player, Steam Achievements, Steam Trading Cards, Steam Cloud, Remote Play on TV, Family Sharing",0,-75
68,13263,64,112,"Action, Adventure, RPG","Single-player, Online Co-op, Steam Achievements, Steam Cloud, HDR available, Family Sharing",1,-80
84,2943,69,49,"Simulation, Strategy","Single-player, Steam Achievements, Steam Cloud, Family Sharing",0,-60
94,22016,90,72,"Action, Casual, Indie, Racing, Sports","Single-player, Online PvP, Shared/Split Screen PvP, Cross-Platform Multiplayer, Steam Achievements, Steam Trading Cards, Steam Workshop, Steam Cloud, Stats, Includes level editor, Remote Play on Phone, Remote Play on Tablet, Remote Play on TV, Remote Play Together, Family Sharing",0,-80
97,3227,98,358,"Action, Adventure, Indie, RPG","Single-player, Family Sharing",0,-22
96,8140,96,115,"Adventure, Indie, RPG","Single-player, Steam Achievements, Steam Cloud, Family Sharing",0,-65
83,6919,70,40,"Action, Indie","Single-player, Steam Achievements, Tracked Controller Support, VR Supported, SteamVR Collectibles, Steam Leaderboards, Family Sharing",0,-60
86,14436,87,133,Action,"Single-player, Online PvP, Shared/Split Screen PvP, Steam Achievements, Steam Trading Cards, In-App Purchases, Steam Cloud, Remote Play on Phone, Remote Play on Tablet, Remote Play on TV, Remote Play Together, HDR available, Family Sharing",1,-90
79,2529,72,102,"Action, Simulation, Strategy, Early Access","Single-player, Steam Achievements, Steam Cloud, Family Sharing",0,-25
83,53802,78,457,"Action, Adventure","Online PvP, Online Co-op, Steam Achievements, In-App Purchases, Remote Play on Phone, Remote Play on Tablet, Family Sharing",1,-50
88,1926,84,69,"Adventure, Simulation, Strategy, Early Access","Single-player, Steam Achievements, Steam Trading Cards, Steam Cloud, Family Sharing",0,-35
93,2994,94,120,"Action, Adventure","Single-player, Steam Achievements, Steam Trading Cards, Steam Cloud, Family Sharing",0,-25
80,1482,86,15,"RPG, Strategy","Single-player, Steam Achievements, Steam Trading Cards, Steam Cloud, Family Sharing",0,-40
87,1810,76,17,"Action, Adventure","Single-player, Online PvP, Shared/Split Screen PvP, Online Co-op, Shared/Split Screen Co-op, Steam Achievements, Steam Cloud, Remote Play Together, Family Sharing",0,-40
89,20874,61,142,"Action, Indie","Single-player, Online PvP, Shared/Split Screen PvP, Steam Achievements, Steam Trading Cards, Steam Cloud, Steam Leaderboards, Remote Play on Phone, Remote Play on Tablet, Remote Play on TV, Remote Play Together, Family Sharing",1,-80
73,1358,70,30,"Racing, Simulation, Sports","Single-player, Online PvP, Shared/Split Screen PvP, Steam Achievements, Steam Cloud, Remote Play Together, Family Sharing",0,-90
86,8507,81,194,"Adventure, Casual, Indie","Online Co-op, Cross-Platform Multiplayer, Family Sharing",0,-60
92,647,80,15,"Action, Adventure, Indie","Single-player, Steam Achievements, Family Sharing",1,-70
88,370,86,52,"Action, Indie, Simulation, Strategy, Early Access","Single-player, Online PvP, LAN PvP, Online Co-op, LAN Co-op, Steam Achievements, Steam Workshop, Steam Cloud, Includes level editor, Family Sharing",0,-20
95,968,100,36,"Action, Casual, Indie","Single-player, Shared/Split Screen Co-op, Steam Achievements, Steam Cloud, Remote Play Together, Family Sharing",0,-40
92,7503,94,70,"Adventure, Indie, RPG","Single-player, Steam Achievements, Steam Trading Cards, Remote Play on TV, Family Sharing",0,-80
74,3458,68,75,"Action, Adventure","Single-player, Steam Achievements, Steam Trading Cards, Steam Cloud, Remote Play on TV, Family Sharing",1,-75
77,854,79,29,"Racing, Simulation, Sports","Single-player, Online PvP, Shared/Split Screen PvP, Online Co-op, Cross-Platform Multiplayer, Steam Achievements, Steam Cloud, Remote Play Together, Family Sharing",0,-80
78,2717,77,36,"Action, Adventure","Single-player, Steam Achievements, Steam Trading Cards, Steam Cloud, Family Sharing",1,-80
86,3480,80,31,Action,"Single-player, Steam Cloud, Family Sharing",0,-90
76,2426,58,34,"Action, Indie, Simulation, Strategy","Single-player, Steam Achievements, Steam Trading Cards, Steam Cloud, Family Sharing",0,-60
90,855,96,28,"Action, Adventure","Single-player, Steam Achievements, Steam Cloud, Family Sharing",1,-60
90,10893,94,57,"Casual, Indie","Single-player, Online PvP, Shared/Split Screen PvP, Steam Achievements, Steam Trading Cards, Steam Leaderboards, Remote Play on Phone, Remote Play on Tablet, Remote Play on TV, Remote Play Together, Family Sharing",0,-60
81,2649,75,41,Action,"Single-player, Steam Trading Cards, Family Sharing",0,-90
90,7383,80,45,"Action, Adventure","Single-player, Steam Achievements, Steam Cloud, Remote Play on Phone, Remote Play on Tablet, Remote Play on TV, Remote Play Together, Family Sharing",0,-75
89,9779,87,33,"Action, Adventure","Single-player, Online PvP, Shared/Split Screen PvP, Steam Achievements, Steam Cloud, Stats, Steam Leaderboards, Remote Play Together, Family Sharing",1,-75
94,8525,92,68,"Adventure, Indie, Simulation","Single-player, Steam Achievements, Steam Trading Cards, Captions available, Steam Cloud, Family Sharing",0,-70
87,2027,80,65,"Action, Casual, Indie, RPG","Single-player, Steam Achievements, Steam Cloud, Family Sharing",0,-50
93,8653,87,129,"Action, Indie, Simulation","Single-player, Steam Achievements, Steam Cloud, Remote Play on TV, Family Sharing",1,-80
96,10238,90,125,"Casual, Indie, Simulation, Strategy","Single-player, Steam Achievements, Steam Cloud, Family Sharing",0,-78
82,10434,77,98,"Indie, RPG, Strategy","Single-player, Steam Achievements, Steam Trading Cards, Captions available, Steam Cloud, Family Sharing",0,-80
99,3291,99,102,"Action, Adventure, Casual, Indie","Single-player, Steam Achievements, Steam Cloud, Family Sharing",0,-50
82,12976,68,22,"Action, Indie","Single-player, Online Co-op, Steam Achievements, Steam Trading Cards, Captions available, Steam Cloud, Family Sharing",1,-95
76,28517,81,103,"Action, RPG","Single-player, Steam Achievements, Steam Trading Cards, Steam Cloud, Family Sharing",1,-85
91,24602,94,152,"Action, Indie","Single-player, Steam Achievements, Steam Trading Cards, Steam Cloud, Remote Play on Phone, Remote Play on Tablet, Remote Play on TV, Family Sharing",1,-70
92,113,86,15,"Indie, Simulation, Strategy, Early Access","Single-player, Steam Achievements, Steam Workshop, Steam Cloud, Includes level editor, Family Sharing",0,-15
81,25324,84,145,"Action, Sports","Single-player, Online PvP, Steam Trading Cards, In-App Purchases, Family Sharing",0,-85
93,3968,92,64,"Action, Indie","Single-player, Steam Achievements, Steam Cloud, Family Sharing",0,-80
80,7337,83,78,"Action, Adventure, Indie, RPG","Single-player, Steam Achievements, Steam Cloud, Family Sharing",1,-21
68,556,55,29,"Casual, Indie, Simulation","Single-player, Steam Achievements, Family Sharing",0,-60
88,3045,90,33,"Action, Adventure, Indie, Simulation","Single-player, Steam Achievements, Steam Trading Cards, Captions available, Steam Cloud, Family Sharing",0,-70
93,10176,93,62,Indie,"Single-player, Steam Achievements, Steam Cloud, Steam Leaderboards, Family Sharing",1,-50
80,4111,83,77,"Action, Adventure, Indie","Single-player, Steam Achievements, Steam Trading Cards, Steam Cloud, Family Sharing",0,-50
72,6426,70,20,"RPG, Strategy","Single-player, Online PvP, Steam Achievements, Steam Trading Cards, Steam Cloud, Family Sharing",0,-90
88,2758,90,20,"Action, Adventure, Strategy","Single-player, Shared/Split Screen PvP, Steam Achievements, Steam Cloud, Stats, Steam Leaderboards, Remote Play Together, Family Sharing",0,-75
85,6619,78,56,"Action, Adventure","Single-player, Steam Achievements, Steam Trading Cards, Steam Cloud, Remote Play on TV, Family Sharing",0,-65
85,11503,92,195,"Adventure, Indie, Strategy","Single-player, Steam Achievements, Steam Trading Cards, Remote Play on TV, Family Sharing",0,-80
95,11688,97,103,"Adventure, Indie","Single-player, Steam Achievements, Steam Trading Cards, Steam Cloud, Steam Leaderboards, Remote Play on TV, Family Sharing",0,-80
97,14930,97,70,"Adventure, Casual, Indie","Single-player, Steam Achievements, Steam Trading Cards, Steam Cloud, Family Sharing",0,-70
84,280,87,77,"Indie, RPG, Strategy","Single-player, Steam Achievements, Steam Cloud, Steam Leaderboards, Family Sharing",0,-25
75,4896,73,38,"Action, Adventure","Single-player, Shared/Split Screen PvP, Steam Achievements, Steam Cloud, Stats, Steam Leaderboards, Remote Play Together, Family Sharing",0,-75
86,1148,90,63,"Adventure, Indie, RPG, Strategy, Early Access","Single-player, Steam Achievements, Steam Cloud, Family Sharing",0,-20
72,874,46,75,"Indie, Simulation, Strategy","Single-player, Steam Achievements, Steam Workshop, Steam Cloud, Family Sharing",0,-10
95,43240,95,413,"Action, Adventure","Single-player, Steam Achievements, Steam Trading Cards, Steam Cloud, Family Sharing",0,-80
98,3150,99,120,"Adventure, Casual, Indie, Strategy","Single-player, Steam Achievements, Steam Cloud, Family Sharing",0,-50
92,31336,91,268,"Action, Adventure, Indie","Single-player, Steam Achievements, Steam Trading Cards, Steam Cloud, Remote Play on Phone, Remote Play on Tablet, Remote Play on TV, Family Sharing",0,-90
80,3851,73,69,"Adventure, Casual","Single-player, Steam Achievements, Steam Cloud, Remote Play on TV, Family Sharing",0,-73
42,178,38,18,RPG,"Single-player, Steam Achievements, Steam Trading Cards, Steam Cloud, Family Sharing",0,-20
91,865,95,20,"Adventure, Indie","Single-player, Steam Achievements, Steam Trading Cards, Family Sharing",0,-50
89,1002,94,18,"Indie, RPG, Simulation, Strategy, Early Access","Single-player, Steam Achievements, Steam Workshop, Steam Cloud, Includes level editor, Remote Play on TV, Family Sharing",0,-35
91,8349,90,66,"Adventure, Casual, Indie","Single-player, Steam Achievements, Steam Trading Cards, Steam Cloud, Remote Play on TV, Family Sharing",0,-70
59,2846,66,12,"Action, Adventure, RPG","Single-player, Online Co-op, Shared/Split Screen Co-op, Steam Achievements, Steam Trading Cards, Steam Cloud, Remote Play on TV, Remote Play Together, Family Sharing",1,-90
87,6305,80,26,Strategy,"Single-player, Steam Trading Cards, Steam Cloud, Family Sharing",0,-80
87,2228,89,48,"Action, Strategy","Single-player, Steam Achievements, Steam Cloud, Family Sharing",0,-40
91,4396,97,41,"Action, Adventure","Single-player, Shared/Split Screen Co-op, Steam Achievements, Remote Play on Phone, Remote Play on Tablet, Remote Play on TV, Remote Play Together, Family Sharing",1,-85
72,6361,69,33,"Adventure, Indie","Single-player, Steam Achievements, Steam Cloud, Family Sharing",1,-60
95,3215,87,16,"Indie, Simulation","Single-player, Steam Achievements, Steam Workshop, Steam Cloud, Steam Leaderboards, Includes level editor, Family Sharing",1,-50
68,1229,60,23,"Action, Casual, Indie, Simulation","Single-player, Online PvP, Online Co-op, Steam Achievements, Includes level editor, Family Sharing",0,-80
89,2213,94,37,"Action, Adventure, Indie, RPG","Single-player, Steam Achievements, Steam Trading Cards, Family Sharing",0,-61
82,187,85,20,"Indie, Strategy","Single-player, Shared/Split Screen PvP, Shared/Split Screen Co-op, Steam Achievements, Remote Play Together, Family Sharing",0,-30
95,1051,94,19,"Adventure, Casual, Indie, Strategy","Single-player, Steam Achievements, Steam Cloud, Remote Play on TV, Remote Play Together, Family Sharing",0,-60
99,2992,96,29,"Casual, Indie, Strategy","Single-player, Steam Achievements, Steam Cloud, Family Sharing",0,-25
75,124,72,11,"Adventure, Indie","Single-player, Steam Achievements, Steam Trading Cards, Family Sharing",1,-25
88,13449,89,83,"Action, Adventure, Indie","Online PvP, Online Co-op, Steam Achievements, Steam Trading Cards, Steam Workshop, In-App Purchases, Remote Play on Phone, Remote Play on Tablet, Family Sharing",0,-80
54,5924,52,25,"RPG, Strategy","Single-player, Steam Achievements, Steam Trading Cards, Family Sharing",0,-80
88,329,86,37,"Casual, Simulation","Single-player, Steam Achievements, Steam Trading Cards, Steam Cloud, Family Sharing",0,-10
80,321,72,48,"Action, Adventure, Indie, Simulation, Strategy, Early Access","Single-player, Tracked Controller Support, VR Only, Steam Cloud, Steam Leaderboards, Family Sharing",0,-20
94,14947,87,118,"Casual, Indie, Strategy","Single-player, Steam Achievements, Steam Cloud, Steam Leaderboards, Family Sharing",0,-65
90,1154,93,15,"Action, Adventure, Indie","Single-player, Steam Achievements, Steam Cloud, Family Sharing",1,-60
93,790,80,10,"Action, Casual, Indie, Racing","Single-player, Online PvP, Cross-Platform Multiplayer, Steam Achievements, Steam Workshop, Steam Cloud, Steam Leaderboards, Family Sharing",0,-60
93,2531,93,62,"Action, Indie","Single-player, Online PvP, Shared/Split Screen PvP, Online Co-op, Shared/Split Screen Co-op, Steam Achievements, Steam Trading Cards, Steam Workshop, Includes level editor, Remote Play Together, Family Sharing",0,-40
95,1728,90,60,"Action, Indie","Single-player, Steam Achievements, Steam Trading Cards, Steam Cloud, Family Sharing",0,-35
70,3715,71,38,"Action, Casual, RPG, Sports","Single-player, Online PvP, Shared/Split Screen PvP, Online Co-op, Shared/Split Screen Co-op, Steam Achievements, Steam Cloud, Commentary available, Remote Play on Phone, Remote Play on Tablet, Remote Play Together, Family Sharing",1,-85
90,5760,88,27,Adventure,"Single-player, Steam Achievements, Steam Trading Cards, Steam Cloud, Family Sharing",1,-90
88,3067,77,27,"Adventure, Casual, Indie","Single-player, Steam Achievements, Steam Cloud, Family Sharing",1,-70
80,76,76,25,"Indie, Strategy","Single-player, Family Sharing",0,-20
88,6042,70,24,"Action, Adventure, Indie, RPG, Strategy","Single-player, Steam Achievements, Steam Trading Cards, Steam Cloud, Family Sharing",0,-70
98,177,100,52,"Casual, Indie","Single-player, Steam Achievements, Steam Cloud, Family Sharing",0,-15
97,3800,94,37,"Adventure, Indie","Single-player, Steam Achievements, Steam Cloud, Family Sharing",0,-70
93,12202,93,131,"Action, Indie","Single-player, Steam Achievements, Steam Workshop, Stats, Steam Leaderboards, Includes level editor, Remote Play on TV, Family Sharing",0,-80
85,2505,77,18,"Indie, RPG, Strategy","Single-player, Online PvP, Steam Achievements, Steam Cloud, Family Sharing",0,-60
71,406,66,33,"Adventure, Casual, Indie, RPG, Simulation","Single-player, Steam Achievements, Steam Cloud, Family Sharing",0,-30
93,1422,92,55,"Adventure, Casual, Indie, Strategy","Single-player, Steam Achievements, Steam Cloud, Family Sharing",0,-50
96,44279,96,567,"Action, Adventure","Single-player, Steam Achievements, Steam Trading Cards, Steam Cloud, Family Sharing",0,-80
86,12813,75,37,Action,"Single-player, Steam Achievements, Steam Trading Cards, Steam Cloud, Steam Leaderboards, Remote Play on TV, Family Sharing",0,-90
95,7728,92,109,"Action, Adventure, Casual, Indie","Single-player, Steam Achievements, Steam Trading Cards, Steam Cloud, Remote Play on TV, Family Sharing",0,-75
96,4711,97,118,"Adventure, Casual, Indie, RPG","Single-player, Steam Achievements, Steam Cloud, Family Sharing",0,-45
84,599,91,23,"Casual, Indie, Simulation","Single-player, Steam Achievements, Steam Cloud, Family Sharing",0,-36
72,1269,66,12,"Racing, Simulation, Sports","Single-player, Online PvP, Online Co-op, Cross-Platform Multiplayer, Steam Achievements, Steam Cloud, Family Sharing",0,-75
93,31319,83,71,"Action, Adventure, Indie, RPG","Single-player, Cross-Platform Multiplayer, Steam Achievements, Steam Trading Cards, Steam Workshop, Steam Cloud, Family Sharing",0,-80
85,275,83,12,"Action, Indie, RPG, Simulation","Single-player, Online Co-op, Cross-Platform Multiplayer, Steam Achievements, Tracked Controller Support, VR Only, Family Sharing",0,-45
89,523,72,11,"Simulation, Strategy","Single-player, Steam Cloud, Family Sharing",0,-35
96,2034,95,65,"Adventure, Indie","Single-player, Steam Achievements, Family Sharing",0,-35
82,3906,71,46,"Action, Adventure, Casual, Indie, RPG, Simulation","Single-player, Steam Achievements, Captions available, Steam Cloud, Stats, Includes level editor, Remote Play on Tablet, Family Sharing",0,-44
75,3603,88,17,"Indie, Simulation, Strategy","Single-player, Online Co-op, Steam Achievements, Steam Trading Cards, Steam Workshop, Steam Cloud, Family Sharing",1,-67
79,4164,80,21,"Action, Adventure","Single-player, Steam Achievements, Steam Cloud, Remote Play on Phone, Remote Play on Tablet, Remote Play on TV, Remote Play Together, Family Sharing",1,-75
90,13622,93,63,"Adventure, RPG","Single-player, Steam Achievements, Steam Trading Cards, Steam Cloud, Remote Play on TV, Family Sharing",1,-75
93,3537,92,27,"Action, Adventure","Single-player, Steam Achievements, Family Sharing",0,-70
87,1478,86,22,"Indie, Simulation, Strategy","Single-player, Steam Achievements, Steam Cloud, Family Sharing",0,-50
87,8892,73,34,"Indie, Simulation, Strategy","Single-player, Steam Achievements, Steam Trading Cards, Steam Cloud, Remote Play on Phone, Remote Play on Tablet, Remote Play on TV, Family Sharing",0,-90
96,7071,97,38,"Action, Casual","Single-player, Steam Achievements, Steam Trading Cards, Steam Cloud, Remote Play on Phone, Remote Play on Tablet, Remote Play on TV, Family Sharing",1,-40
57,2472,40,10,"Action, Strategy","Single-player, Online PvP, Online Co-op, Steam Achievements, Steam Trading Cards, Steam Cloud, Family Sharing",0,-90
85,8122,77,58,"Action, Indie","Single-player, Steam Achievements, Steam Cloud, Family Sharing",1,-60
82,1965,82,23,"Action, Adventure, Indie, RPG","Single-player, Steam Achievements, Steam Trading Cards, Steam Cloud, Family Sharing",0,-60
95,4886,92,99,"Action, Indie","Single-player, Steam Achievements, Steam Workshop, Steam Cloud, Steam Leaderboards, Includes level editor, Family Sharing",0,-20
96,1139,93,16,Indie,"Single-player, Captions available, Steam Cloud, Family Sharing",0,-70
91,844,92,39,"Adventure, Casual, Indie","Online Co-op, Family Sharing",0,-40
93,50924,92,300,"Action, Adventure","Single-player, Steam Achievements, Steam Trading Cards, Steam Cloud, Remote Play on Phone, Remote Play on Tablet, Remote Play on TV, Family Sharing",1,-62
91,13052,89,100,"Action, Adventure, Indie","Single-player, Steam Achievements, Family Sharing",0,-20
95,11556,89,85,Strategy,"Single-player, Steam Cloud, Family Sharing",0,-75
86,1084,83,36,"Indie, RPG, Strategy, Early Access","Single-player, Steam Achievements, Steam Workshop, Family Sharing",0,-20
85,649,92,27,"Adventure, Indie","Single-player, Steam Achievements, Steam Cloud, Family Sharing",0,-50
96,771,95,41,"Indie, Simulation, Early Access","Single-player, Steam Achievements, Steam Cloud, Family Sharing",0,-25
93,1390,85,27,"Adventure, Casual, Indie","Single-player, Steam Achievements, Steam Cloud, Family Sharing",0,-45
92,4536,86,23,"Adventure, Casual, Indie, Simulation, Strategy","Single-player, Steam Achievements, Steam Cloud, Family Sharing",0,-30
95,324,94,17,"Action, Casual, Indie","Single-player, Steam Achievements, VR Supported, Steam Cloud, Includes level editor, Remote Play on TV, Family Sharing",0,-34
100,69,100,13,"Adventure, Indie, RPG, Strategy","Single-player, Steam Achievements, Steam Cloud, Family Sharing",0,-10
84,1668,76,17,"Action, Adventure","Single-player, Steam Achievements, Tracked Controller Support, VR Supported, Steam Cloud, Family Sharing",0,-75
82,2433,82,17,"Action, Adventure, Indie","Single-player, Steam Achievements, Steam Trading Cards, In-App Purchases, Steam Cloud, Family Sharing",0,-75
85,751,72,11,"Adventure, Casual, Indie, Racing, Simulation, Sports","Single-player, Steam Achievements, Tracked Controller Support, VR Only, Steam Cloud, Family Sharing",0,-30
69,653,81,11,"Adventure, Indie","Single-player, Steam Achievements, Tracked Controller Support, VR Supported, Captions available, Steam Cloud, Remote Play on TV, Family Sharing",0,-33
81,2062,62,24,"Action, Adventure, Indie, Simulation, Strategy, Early Access","Single-player, Steam Achievements, Steam Trading Cards, Steam Workshop, Steam Cloud, Remote Play Together, Family Sharing",0,-20
68,3880,75,109,"Action, Adventure","Single-player, Steam Achievements, Steam Trading Cards, Steam Cloud, Family Sharing",0,-80
96,3572,96,91,"Action, Adventure, Casual, Indie","Single-player, Online Co-op, Shared/Split Screen Co-op, Steam Cloud, Remote Play Together, Family Sharing",0,-50
94,25416,93,147,Indie,"Single-player, Steam Achievements, Steam Trading Cards, Steam Leaderboards, Remote Play on Phone, Remote Play on Tablet, Remote Play on TV, Family Sharing",0,-75
86,1615,90,63,"Action, Adventure, Casual, Indie, RPG, Simulation","Single-player, Steam Achievements, Steam Trading Cards, Steam Cloud, Family Sharing",0,-39
81,6716,86,51,Action,"Single-player, Online PvP, Online Co-op, Steam Achievements, Steam Trading Cards, Steam Cloud, Family Sharing",1,-28
92,22760,92,111,"Action, RPG","Single-player, Steam Achievements, Steam Trading Cards, Captions available, Steam Cloud, Commentary available, Remote Play on Tablet, Family Sharing",1,-88
78,2000,92,41,"Adventure, Indie, Strategy","Single-player, Steam Achievements, Family Sharing",0,-50
85,901,81,11,"RPG, Simulation, Strategy","Single-player, Shared/Split Screen PvP, Shared/Split Screen Co-op, Remote Play Together, Family Sharing",0,-50
96,798,100,18,"Indie, Simulation, Early Access","Single-player, Online Co-op, Steam Achievements, Steam Cloud, Family Sharing",0,-25
92,283,100,14,"Action, Adventure, Casual, Indie","Single-player, Steam Achievements, Steam Trading Cards, Steam Cloud, Family Sharing",0,-25
94,2971,94,55,"Action, Indie","Single-player, Shared/Split Screen Co-op, Steam Achievements, Steam Trading Cards, Captions available, Steam Cloud, Steam Leaderboards, Remote Play on TV, Remote Play Together, Family Sharing",0,-80
96,1279,100,17,"Casual, Indie","Single-player, Steam Achievements, Steam Trading Cards, Steam Cloud, Family Sharing",0,-33
93,10841,91,103,"Adventure, Casual, Indie","Single-player, Steam Achievements, Steam Trading Cards, Steam Cloud, Family Sharing",0,-67
96,9194,96,63,"Action, Adventure, Indie, RPG","Single-player, Steam Achievements, Steam Trading Cards, Steam Cloud, Family Sharing",0,-76
83,2253,88,18,"Action, Indie, RPG, Simulation, Strategy","Single-player, Steam Achievements, Steam Trading Cards, Steam Cloud, Family Sharing",1,-80
68,1717,80,30,"Racing, Simulation","Single-player, Online PvP, Shared/Split Screen PvP, Online Co-op, Steam Achievements, Steam Cloud, Family Sharing",0,-65
98,1338,91,24,"Action, Adventure, Indie","Single-player, Steam Achievements, Steam Trading Cards, Steam Cloud, Family Sharing",0,-60
85,5823,75,102,Action,"Single-player, Steam Achievements, Family Sharing",0,-50
84,7404,85,47,"Action, Adventure","Single-player, Online Co-op, Steam Achievements, Steam Trading Cards, Steam Cloud, Remote Play on TV, Family Sharing",0,-90
97,4470,98,73,"Adventure, Casual","Single-player, Steam Achievements, Steam Cloud, Family Sharing",0,-75
93,861,91,12,"Action, Adventure, Casual","Single-player, Steam Achievements, Steam Cloud, Family Sharing",1,-75
93,465,100,35,"Adventure, Casual, Indie, RPG","Single-player, Steam Achievements, Steam Cloud, Family Sharing",0,-35
94,2152,91,59,"Action, Indie","Single-player, Steam Achievements, Family Sharing",0,-40
90,973,80,30,"Indie, RPG, Simulation","Single-player, Steam Achievements, Steam Workshop, Steam Cloud, Family Sharing",0,-20
76,2076,76,21,"Action, Adventure","Single-player, Family Sharing",1,-60
78,233,75,20,"Adventure, Casual, Indie, RPG","Single-player, Steam Achievements, Steam Cloud, Family Sharing",0,-50
95,1226,97,37,"Adventure, Indie","Single-player, Steam Achievements, Steam Trading Cards, Captions available, Steam Cloud, Family Sharing",0,-38
74,543,84,13,"Action, Adventure, RPG, Simulation, Strategy","Single-player, Online PvP, Steam Achievements, Steam Cloud, Family Sharing",0,-34
92,1845,78,37,"Action, RPG","Single-player, Steam Achievements, Steam Cloud, Family Sharing",0,-60
81,5870,68,29,"Casual, Indie, Simulation","Single-player, Steam Achievements, Steam Trading Cards, Captions available, Steam Workshop, Steam Cloud, Family Sharing",0,-50
96,6474,90,43,Strategy,"Single-player, Steam Cloud, Family Sharing",0,-75
80,648,66,12,"Action, Adventure, Indie, RPG","Single-player, Steam Achievements, Steam Cloud, Stats, Steam Leaderboards, Family Sharing",0,-35
91,18685,92,115,"Adventure, Indie, Strategy","Single-player, Steam Achievements, Steam Trading Cards, Steam Cloud, Family Sharing",1,-85
93,1615,90,21,"Action, Adventure, Indie, RPG","Single-player, Shared/Split Screen Co-op, Steam Achievements, Steam Trading Cards, Steam Cloud, Remote Play Together, Family Sharing",0,-33
68,2826,68,16,"Action, Adventure, RPG","Single-player, Online Co-op, Steam Achievements, Steam Cloud, Remote Play on Phone, Remote Play on Tablet, Remote Play on TV, Family Sharing",0,-75
91,4944,87,33,"Action, Adventure, Indie","Single-player, Steam Achievements, Steam Trading Cards, Steam Cloud, Steam Leaderboards, Remote Play on TV, Family Sharing",1,-75
83,12498,80,61,"Action, Adventure, Indie, Simulation","Single-player, Steam Achievements, Steam Trading Cards, Steam Cloud, Remote Play on Tablet, Family Sharing",1,-54
87,3224,77,22,Strategy,"Single-player, Family Sharing",0,-75
87,22331,90,107,"Action, Adventure","Single-player, Online Co-op, Steam Achievements, Steam Trading Cards, Steam Cloud, Remote Play on TV, Family Sharing",0,-80
94,2825,100,12,"Casual, Indie, Simulation","Single-player, Steam Achievements, Steam Trading Cards, Steam Cloud, Family Sharing",0,-50
91,347,92,13,"Adventure, Indie, RPG, Strategy","Single-player, Steam Achievements, Steam Trading Cards, Captions available, Steam Cloud, Stats, Steam Leaderboards, Remote Play on TV, Family Sharing",0,-50
73,1052,60,15,"Casual, Indie, Simulation, Strategy","Single-player, Steam Achievements, Steam Cloud, Family Sharing",0,-20
68,4771,58,12,Strategy,"Single-player, Online PvP, Online Co-op, Steam Achievements, Steam Trading Cards, Steam Cloud, Valve Anti-Cheat enabled, Family Sharing",0,-85
90,3682,91,12,"Action, Adventure, Indie","Cross-Platform Multiplayer, Steam Achievements, Steam Trading Cards, Steam Cloud, Steam Leaderboards, Remote Play Together, Family Sharing",0,-80
88,5425,78,55,"Adventure, Indie, Simulation, Strategy","Single-player, Steam Achievements, Steam Trading Cards, Steam Workshop, Steam Cloud, Family Sharing",0,-80
93,12345,82,35,"Action, Adventure, Indie, RPG, Strategy","Single-player, Online Co-op, LAN Co-op, Steam Achievements, Steam Trading Cards, Steam Workshop, Steam Cloud, Steam Leaderboards, Family Sharing",1,-75
69,3343,65,40,"Indie, Early Access","Single-player, Online PvP, Online Co-op, Family Sharing",0,-40
62,531,66,12,Racing,"Single-player, Online PvP, Shared/Split Screen PvP, Shared/Split Screen Co-op, Cross-Platform Multiplayer, Steam Achievements, In-App Purchases, Family Sharing",1,-34
95,3124,93,43,"Action, Casual, Indie, Simulation","Single-player, Steam Achievements, Steam Trading Cards, Steam Cloud, Family Sharing",0,-75
65,2166,57,45,"Action, Adventure, Casual, Indie, Racing, Simulation","Single-player, Steam Achievements, Family Sharing",0,-37
82,870,79,24,"Action, Indie, RPG, Early Access","Single-player, Steam Achievements, Steam Cloud, Family Sharing",0,-30
78,2678,75,20,Indie,"Online PvP, Online Co-op, Cross-Platform Multiplayer, Steam Achievements, Steam Trading Cards",0,-75
92,7261,84,19,"Action, Indie, Strategy","Single-player, Online Co-op, Steam Achievements, Steam Trading Cards, Steam Cloud, Steam Leaderboards, Remote Play on TV, Family Sharing",0,-80
70,1183,76,72,Adventure,"Single-player, Steam Achievements, Steam Trading Cards, Steam Cloud, Family Sharing",0,-30
87,994,100,10,Strategy,"Single-player, Family Sharing",0,-75
91,7947,96,65,"Action, Indie, Strategy","Single-player, Shared/Split Screen Co-op, Steam Achievements, Steam Trading Cards, Remote Play on Tablet, Remote Play on TV, Remote Play Together, Family Sharing",0,-80
76,25930,65,201,"Action, Adventure","Single-player, Online Co-op, In-App Purchases",1,-85
93,2242,96,60,"Adventure, Casual, Indie, Simulation, Strategy","Single-player, Steam Achievements, Family Sharing",0,-52
92,2534,93,16,"Action, Adventure, Casual, Indie, RPG, Simulation","Single-player, Steam Achievements, Steam Cloud, Family Sharing",0,-65
87,954,89,46,"Action, Indie","Single-player, Steam Achievements, Steam Cloud, Family Sharing",0,-50
81,5565,80,15,"Casual, Indie, Simulation, Strategy","Single-player, Steam Achievements, Steam Trading Cards, Steam Workshop, Steam Cloud, Family Sharing",0,-40
73,149,65,20,"Action, Adventure, Indie, Early Access","Single-player, Steam Achievements, Steam Trading Cards, Steam Cloud, Family Sharing",0,-30
82,315,90,20,"Action, Adventure","Single-player, Steam Achievements, Steam Cloud, Family Sharing",0,-40
98,716,93,15,"Adventure, Casual, Indie","Single-player, Steam Achievements, Steam Trading Cards, Steam Cloud, Family Sharing",0,-25
72,19287,61,68,Strategy,"Single-player, Steam Achievements, Steam Workshop, Remote Play on Tablet, Family Sharing",1,-85
79,1755,66,30,"Adventure, Casual, Indie, Simulation","Single-player, Steam Achievements, Steam Trading Cards, Steam Workshop, Family Sharing",0,-39
99,317,100,38,"Action, Indie","Single-player, Family Sharing",0,-25
80,10847,83,37,"Action, Adventure","Single-player, Steam Achievements, Steam Trading Cards, Steam Cloud, Remote Play on TV, Family Sharing",1,-85
83,13203,80,30,"Action, Indie, Simulation","Single-player, Steam Achievements, Steam Trading Cards, Steam Cloud, Family Sharing",0,-80
80,445,73,15,"Action, Adventure, Indie","Single-player, Steam Achievements, Steam Cloud, Steam Leaderboards, Family Sharing",1,-54
88,522,92,14,"Action, Racing, Sports","Single-player, Online PvP, Cross-Platform Multiplayer, Steam Achievements, Family Sharing",0,-33
62,1592,55,20,"Action, Adventure, Indie, RPG","Single-player, Online Co-op, Steam Achievements, Steam Workshop, Steam Cloud, Includes level editor, Family Sharing",0,-40
91,789,85,14,"Casual, Indie, Simulation, Strategy","Single-player, Steam Achievements, Steam Cloud, Family Sharing",0,-50
95,645,93,32,"Adventure, Indie, Simulation, Early Access","Single-player, Steam Achievements, Steam Cloud, Family Sharing",0,-20
84,1379,69,13,"Adventure, Indie","Single-player, Steam Achievements, Steam Trading Cards, Steam Cloud, Family Sharing",0,-70
95,129,90,31,"Action, Adventure, Indie, Early Access","Single-player, Steam Achievements, Family Sharing",0,-20
43,213,76,21,"Action, Indie, RPG, Strategy","Single-player, Steam Achievements, Family Sharing",0,-50
84,808,89,19,"Casual, Indie, Racing","Single-player, Shared/Split Screen PvP, Steam Achievements, Steam Trading Cards, Steam Cloud, Steam Leaderboards, Remote Play Together, Family Sharing",0,-90
93,1181,76,21,"Action, Adventure, Indie, Simulation","Single-player, Steam Achievements, Steam Trading Cards, Remote Play on Phone, Remote Play on Tablet, Remote Play on TV, Family Sharing",0,-75
81,334,57,21,"Indie, RPG, Strategy","Single-player, Steam Achievements, Steam Trading Cards, Family Sharing",0,-70
91,2145,86,44,"Action, Casual, Indie, Sports","Single-player, Shared/Split Screen PvP, Shared/Split Screen Co-op, Steam Achievements, Remote Play Together, Family Sharing",0,-85
68,205,50,10,"Adventure, RPG","Single-player, Steam Achievements, Steam Cloud, Family Sharing",1,-70
78,1184,84,39,"Action, Indie, RPG","Single-player, Online Co-op, Steam Achievements, Steam Trading Cards, Steam Cloud, Family Sharing",0,-35
52,2510,64,14,"Action, Adventure","Single-player, Family Sharing",1,-75
92,1276,91,12,"Action, Adventure, Indie","Single-player, Steam Achievements, Steam Trading Cards, Steam Cloud, Family Sharing",1,-60
86,2803,80,21,"Action, Indie, RPG","Single-player, Steam Achievements, Steam Cloud, Remote Play on TV, Family Sharing",0,-40
97,3353,100,20,"Adventure, Casual, Indie, Simulation","Single-player, Steam Achievements, Steam Trading Cards, Family Sharing",0,-45
68,1497,70,24,"Adventure, Indie, Simulation, Strategy","Single-player, Steam Achievements, Steam Trading Cards, Steam Cloud, Family Sharing",0,-65
80,4405,81,33,"Indie, Simulation, Early Access","Single-player, Online Co-op, Family Sharing",0,-40
83,4347,76,25,"Indie, Strategy, Early Access","Single-player, Steam Cloud, Remote Play on Tablet, Family Sharing",0,-20
97,3061,95,21,"Indie, Simulation","Single-player, Steam Achievements, Steam Cloud, Steam Leaderboards, Includes level editor, Family Sharing",0,-50
99,314,100,10,Indie,"Single-player, Steam Achievements, Steam Cloud, Family Sharing",0,-30
88,261,87,83,"Action, Adventure, Casual, Indie, RPG","Single-player, Steam Achievements, Steam Trading Cards, Steam Cloud, Family Sharing",0,-20
87,20190,87,62,"Action, Indie","Single-player, Online PvP, Shared/Split Screen PvP, Online Co-op, Shared/Split Screen Co-op, Cross-Platform Multiplayer, Steam Achievements, Steam Trading Cards, Steam Workshop, Steam Cloud, Steam Leaderboards, Includes level editor, Remote Play on TV, Remote Play Together, Family Sharing",1,-80
89,1547,65,20,Strategy,"Single-player, Family Sharing",0,-75
90,7500,87,55,"Action, RPG","Single-player, Valve Anti-Cheat enabled, Family Sharing",0,-75
92,175,80,10,"Indie, Simulation, Strategy, Early Access","Single-player, Online Co-op, LAN Co-op, Family Sharing",0,-20
94,7854,94,155,Action,"Single-player, Family Sharing",0,-65
57,96,63,11,"Action, Adventure, Indie","Single-player, Steam Achievements, Steam Trading Cards, Steam Cloud, Family Sharing",0,-30
86,4387,92,40,"Indie, Strategy","Single-player, Steam Achievements, Steam Trading Cards, Family Sharing",0,-72
92,162,92,13,"Action, Adventure, Indie, Simulation, Early Access","Single-player, Online Co-op, Steam Achievements, Steam Cloud, Family Sharing",0,-20
72,2962,84,45,"Simulation, Strategy","Single-player, Online PvP, Online Co-op, Steam Achievements, Family Sharing",0,-50
95,3343,98,57,"Action, Indie","Single-player, Steam Achievements, Steam Trading Cards, Steam Cloud, Family Sharing",1,-89
71,678,55,29,"Action, Adventure","Single-player, Steam Achievements, Steam Cloud, Family Sharing",1,-90
86,7139,68,19,"Adventure, Indie","Single-player, Steam Achievements, Steam Trading Cards, Steam Cloud, Remote Play on TV, Family Sharing",1,-71
89,2291,93,16,"Action, Adventure, Indie, RPG","Single-player, Steam Achievements, Steam Trading Cards, Steam Cloud, Family Sharing",0,-75
86,251,80,20,"Indie, Simulation, Strategy, Early Access","Single-player, Steam Achievements, Steam Cloud, Family Sharing",0,-21
86,9165,88,27,Action,"Single-player, Steam Achievements, Steam Trading Cards, Steam Cloud, Steam Leaderboards, Remote Play on TV, Family Sharing",0,-75
94,11962,95,84,Action,"Single-player, Family Sharing",1,-86
47,10039,54,35,"Action, Adventure, RPG","Single-player, Online Co-op, Steam Achievements, Remote Play on Tablet, Family Sharing",0,-80
89,2846,61,18,"Adventure, Casual, Indie, RPG, Strategy, Early Access","Single-player, Steam Achievements, Steam Trading Cards, Steam Workshop, Steam Cloud, Family Sharing",0,-60
92,2042,92,53,"Action, Indie","Single-player, Steam Achievements, Steam Trading Cards, Steam Workshop, Steam Cloud, Includes level editor, Family Sharing",0,-40
83,2771,57,35,"Action, Indie, RPG, Simulation, Early Access","Single-player, Family Sharing",0,-40
71,159,61,18,"Action, Adventure, Indie, Simulation","Single-player, Steam Achievements, Family Sharing, Steam is learning about this game",0,-85
92,5514,93,61,"Adventure, Indie, RPG","Single-player, Steam Achievements, Steam Workshop, Steam Cloud, Family Sharing",0,-48
94,451,95,22,"Action, Adventure, Casual, Indie","Single-player, Shared/Split Screen Co-op, Steam Achievements, Steam Cloud, Remote Play Together, Family Sharing",0,-84
91,5988,78,14,"Indie, Simulation","Single-player, Steam Achievements, Steam Trading Cards, Steam Cloud, Family Sharing",0,-34
74,627,68,25,Casual,"Online PvP, Cross-Platform Multiplayer, Steam Achievements, Family Sharing",0,-25
75,631,81,16,"Action, Adventure, Indie, Simulation","Single-player, Steam Achievements, Steam Trading Cards, Steam Workshop, Steam Cloud, Includes level editor, Family Sharing",0,-39
83,258,69,13,"Indie, RPG, Simulation, Early Access","Single-player, Online Co-op, Family Sharing",0,-10
88,2245,73,15,"Action, Adventure, Indie","Single-player, Steam Achievements, Steam Trading Cards, Steam Cloud, Includes level editor, Remote Play on Phone, Remote Play on Tablet, Remote Play on TV, Family Sharing",0,-75
91,11576,76,21,RPG,"Single-player, Remote Play on Phone, Remote Play on Tablet, Remote Play Together, Family Sharing",0,-70
85,3603,92,50,"Action, Adventure","Single-player, Family Sharing",0,-80
89,7996,91,124,"Action, Adventure","Single-player, Remote Play on Phone, Remote Play on Tablet, Remote Play on TV, Remote Play Together, Family Sharing",0,-90
55,270,36,11,"Indie, Simulation, Strategy","Single-player, Steam Achievements, Steam Cloud, Family Sharing",0,-25
94,3404,94,19,"Adventure, Casual, Indie","Single-player, Steam Achievements, Steam Trading Cards, Steam Cloud, Family Sharing",0,-80
87,5639,90,33,"Action, Adventure, Indie","Single-player, Steam Achievements, Steam Trading Cards, Captions available, Steam Cloud, Remote Play on TV, Family Sharing",0,-80
72,2073,86,23,"Adventure, Indie, RPG, Strategy","Single-player, Steam Achievements, Steam Cloud, Family Sharing",0,-75
78,1147,90,10,"Action, Adventure","Single-player, Steam Achievements, Steam Cloud, Family Sharing",0,-60
90,2201,81,32,"Adventure, Casual, Indie","Single-player, Steam Achievements, Steam Trading Cards, Family Sharing",0,-60
93,160,90,10,"Casual, Indie, Simulation, Strategy","Single-player, Steam Achievements, Steam Trading Cards, Steam Cloud, Family Sharing",0,-50
92,1210,90,11,"Casual, Indie","Single-player, Steam Achievements, Steam Trading Cards, Steam Cloud, Family Sharing",0,-50
96,5997,100,25,"Action, Indie, Strategy","Single-player, Steam Achievements, Steam Cloud, Stats, Steam Leaderboards, Family Sharing",0,-75
86,1632,74,27,"Action, Adventure, Casual, Indie, RPG, Early Access","Single-player, Steam Cloud, Family Sharing",0,-25
84,441,81,16,"Action, Adventure, Casual, Indie, Massively Multiplayer, RPG, Sports, Early Access","Online PvP, Online Co-op, Steam Achievements, Steam Trading Cards, Family Sharing",0,-75
93,1544,93,16,"Action, Adventure, Indie","Single-player, Steam Achievements, Steam Trading Cards, Steam Cloud, Family Sharing",0,-70
95,4495,100,35,"Adventure, Indie","Single-player, Steam Achievements, Family Sharing",0,-90
91,2376,100,13,"Action, Adventure, Indie","Single-player, Shared/Split Screen Co-op, Steam Achievements, Steam Trading Cards, Steam Cloud, Steam Leaderboards, Remote Play on Phone, Remote Play on Tablet, Remote Play on TV, Remote Play Together, Family Sharing",1,-75
92,2289,100,12,Strategy,"Single-player, Includes level editor, Family Sharing",0,-85
89,78,82,28,"Action, Adventure, Indie","Single-player, Steam Achievements, Steam Cloud, Family Sharing",0,-25
88,1221,80,50,"Casual, Indie, Simulation","Single-player, Steam Achievements, Family Sharing",0,-30
88,4177,86,22,"Action, Adventure, Indie","Single-player, Steam Achievements, Steam Cloud, Remote Play on TV, Family Sharing",0,-80
91,4852,95,22,RPG,"Single-player, Steam Achievements, Steam Cloud, Includes level editor, Family Sharing",0,-80
91,1478,92,52,"Adventure, Indie","Single-player, Shared/Split Screen Co-op, Steam Achievements, Steam Trading Cards, Steam Cloud, Remote Play Together, Family Sharing",1,-80
84,6684,85,21,"Action, Adventure","Single-player, Steam Achievements, Steam Cloud, Steam Leaderboards, Family Sharing",1,-85
90,996,95,22,"Adventure, Indie, RPG","Single-player, Steam Achievements, Steam Trading Cards, Family Sharing",1,-60
96,4459,93,30,"Action, Casual, Indie, RPG","Single-player, Steam Achievements, Steam Trading Cards, Steam Cloud, Steam Leaderboards, Remote Play Together, Family Sharing",0,-25
92,15009,80,61,"Action, Adventure","Single-player, Steam Achievements, Steam Trading Cards, Captions available, Steam Cloud, Remote Play on TV, Family Sharing",0,-80
75,7777,71,35,"Casual, Indie, RPG, Simulation","Online PvP, Online Co-op, Steam Trading Cards, In-App Purchases, Steam Leaderboards, Family Sharing",0,-50
90,3634,94,37,"Indie, Simulation","Single-player, Steam Achievements, Family Sharing",0,-73
95,910,92,26,"Action, Indie","Single-player, Steam Achievements, Family Sharing",0,-75
60,685,50,10,"Action, Indie, Simulation","Single-player, Steam Achievements, Tracked Controller Support, VR Only, Family Sharing",0,-80
82,197,70,10,"Action, Indie","Single-player, Shared/Split Screen Co-op, Steam Achievements, Steam Cloud, Remote Play Together, Family Sharing",0,-75
78,478,76,13,"Action, Indie, RPG","Single-player, Steam Achievements, Steam Cloud, Family Sharing",0,-40
96,6700,95,47,"Action, Indie","Single-player, Family Sharing",0,-40
92,2453,92,26,Strategy,"Single-player, Family Sharing",0,-75
77,1028,83,12,"Action, Adventure, Indie","Single-player, Steam Achievements, Steam Cloud, Family Sharing",1,-80
96,13155,96,93,"Action, Casual, Indie, Racing, Simulation","Single-player, Online PvP, Steam Achievements, Steam Trading Cards, Steam Cloud, Steam Leaderboards, Family Sharing",0,-50
75,2070,80,26,Simulation,"Single-player, Steam Achievements, Includes level editor, Family Sharing",0,-80
89,476,100,16,RPG,"Single-player, Steam Achievements, Steam Trading Cards, Steam Cloud, Family Sharing",0,-33
68,707,85,20,Racing,"Single-player, Steam Achievements, Steam Trading Cards, Steam Cloud, Steam Leaderboards, Remote Play on TV, Family Sharing",1,-90
88,1950,84,13,Adventure,"Single-player, Steam Achievements, Steam Cloud, Family Sharing",0,-67
93,3695,94,34,"Action, Indie","Single-player, Online PvP, Shared/Split Screen PvP, Online Co-op, Shared/Split Screen Co-op, Cross-Platform Multiplayer, Steam Achievements, Tracked Controller Support, VR Supported, Steam Workshop, Steam Cloud, Steam Leaderboards, Includes level editor, Remote Play Together, Family Sharing",0,-80
85,280,70,10,"Simulation, Strategy","Single-player, Steam Achievements, Steam Cloud, Family Sharing",0,-30
78,2877,80,30,"Action, Adventure","Single-player, Family Sharing",0,-80
88,1815,87,31,"Indie, Simulation","Single-player, Steam Achievements, Family Sharing",0,-73
94,1490,100,16,Action,"Single-player, Steam Cloud, Family Sharing",1,-80
81,1489,70,17,"Action, Indie","Single-player, Steam Achievements, Steam Trading Cards, Steam Workshop, Steam Cloud, Family Sharing",0,-15
80,621,89,19,"Casual, Indie, RPG, Simulation, Sports, Strategy","Single-player, Steam Achievements, Steam Cloud, Family Sharing",0,-20
96,3168,96,53,"Action, Adventure, Indie","Single-player, Steam Achievements, Steam Cloud, Family Sharing",0,-50
77,906,80,31,"Adventure, Casual, Indie, RPG, Strategy, Early Access","Single-player, Steam Achievements, Steam Cloud, Steam Leaderboards, Family Sharing",0,-24
83,842,90,10,"Adventure, Casual, Indie, RPG","Single-player, Steam Achievements, Family Sharing",0,-20
78,1833,80,21,"Action, Adventure","Single-player, Family Sharing",0,-80
96,3711,100,34,"Adventure, Casual, Indie","Single-player, Steam Achievements, Steam Trading Cards, Steam Cloud, Family Sharing",0,-70
98,916,100,24,"Action, Adventure","Single-player, Steam Achievements, Captions available, Steam Workshop, Steam Cloud, Family Sharing",0,-40
96,531,88,17,"Adventure, Indie, Simulation","Single-player, Steam Achievements, Tracked Controller Support, VR Only, Captions available, Family Sharing",0,-46
96,163,100,11,"Action, Adventure, Indie, RPG","Single-player, Family Sharing",0,-40
89,2756,75,24,"Action, Indie","Single-player, Steam Achievements, Steam Trading Cards, Family Sharing",0,-90
77,2811,68,16,Adventure,"Single-player, Steam Achievements, Steam Cloud, Remote Play on TV, Family Sharing",1,-72
86,2469,66,21,"Adventure, Indie","Single-player, Steam Achievements, Steam Cloud, Family Sharing",0,-78
93,6087,82,35,"Action, Indie","Single-player, Online PvP, Shared/Split Screen PvP, Online Co-op, Shared/Split Screen Co-op, Steam Achievements, Steam Trading Cards, Steam Cloud, Steam Leaderboards, Remote Play Together, Family Sharing",0,-80
76,461,25,12,"Adventure, Casual, Indie","Single-player, Online Co-op, Steam Achievements, Steam Cloud, Family Sharing",0,-50
95,4103,96,28,"Adventure, Casual, Indie","Single-player, Steam Achievements, Steam Trading Cards, Family Sharing",0,-80
98,3167,100,48,Casual,"Single-player, Steam Achievements, Steam Trading Cards, Steam Cloud, Family Sharing",0,-20
87,944,75,12,Indie,"Single-player, Steam Achievements, Steam Cloud, Family Sharing",1,-65
95,306,94,19,"Strategy, Early Access","Single-player, Steam Achievements, Steam Workshop, Steam Cloud, Family Sharing",0,-20
96,4414,100,17,Action,"Single-player, Steam Achievements, Steam Cloud, Steam Leaderboards, Family Sharing",0,-75
86,4432,74,27,"Adventure, Indie, Simulation, Strategy","Single-player, Steam Achievements, Steam Trading Cards, Steam Cloud, Family Sharing",0,-50
93,4816,90,62,"Action, Adventure","Single-player, Remote Play on Phone, Remote Play on Tablet, Remote Play on TV, Remote Play Together, Family Sharing",0,-90
83,2903,80,26,"Adventure, Casual, Indie","Single-player, Steam Achievements, Steam Trading Cards, Steam Cloud, Family Sharing",0,-70
78,2672,92,13,Adventure,"Single-player, Steam Achievements, Steam Trading Cards, Steam Cloud, Family Sharing",0,-90
97,9633,96,25,"Action, Indie, Strategy","Single-player, Steam Achievements, Steam Trading Cards, Captions available, Steam Cloud, Includes level editor, Remote Play on Phone, Remote Play on Tablet, Remote Play Together, Family Sharing",0,-60
84,3144,50,12,"Action, Indie","Single-player, Online PvP, Shared/Split Screen PvP, Steam Trading Cards, Steam Cloud, Remote Play Together, Family Sharing",0,-60
89,1058,90,10,"Action, Indie","Single-player, Shared/Split Screen PvP, Shared/Split Screen Co-op, Steam Achievements, Steam Cloud, Steam Leaderboards, Remote Play on TV, Remote Play Together, Family Sharing",0,-66
61,472,30,13,"Action, Casual, Indie, RPG","Single-player, Shared/Split Screen Co-op, Steam Achievements, Steam Cloud, Remote Play Together, Family Sharing",0,-45
94,4576,94,79,"Action, Casual, Indie, Massively Multiplayer, Strategy, Early Access","Online PvP, Online Co-op, Steam Achievements, Steam Trading Cards, Family Sharing",0,-60
85,2515,87,33,"Casual, Indie, Racing","Single-player, Shared/Split Screen PvP, Steam Achievements, Steam Trading Cards, In-App Purchases, Steam Cloud, Steam Leaderboards, Remote Play Together, Family Sharing",0,-81
92,11964,91,23,"Adventure, Casual, Indie","Single-player, Steam Achievements, Steam Trading Cards, Steam Cloud, Family Sharing",0,-80
95,7385,100,22,"Adventure, Casual, Indie, Simulation","Single-player, Steam Trading Cards, Family Sharing",0,-60
70,958,73,15,"Action, Adventure, Casual, Indie, RPG, Simulation, Strategy","Single-player, Online Co-op, Cross-Platform Multiplayer, Steam Achievements, Steam Trading Cards, Steam Cloud, HDR available, Family Sharing",0,-60
81,799,93,15,"Adventure, Indie, Simulation","Single-player, Steam Achievements, Steam Trading Cards, Steam Cloud, Family Sharing",0,-75
81,413,87,24,"Casual, Indie, Strategy","Single-player, Steam Achievements, Steam Cloud, Family Sharing",0,-10
80,1180,80,15,Action,"Single-player, Online PvP, Shared/Split Screen PvP, Steam Achievements, Steam Trading Cards, Steam Cloud, Remote Play Together, Family Sharing",0,-33
95,1125,93,15,"Action, Casual, Indie, Simulation, Strategy","Single-player, Steam Achievements, Steam Trading Cards, Steam Cloud, Stats, Family Sharing",0,-50
78,4679,80,15,"Action, Adventure, Indie, Simulation","Single-player, Steam Achievements, Steam Trading Cards, Steam Cloud, Steam Leaderboards, Remote Play on TV, Family Sharing",0,-80
67,1678,63,22,"Casual, Indie, Simulation","Single-player, Steam Cloud, Family Sharing",0,-75
95,2148,94,35,"Action, Indie","Single-player, Steam Achievements, Steam Workshop, Steam Cloud, Includes level editor, Family Sharing",0,-89
86,1153,60,10,"Adventure, Indie, RPG, Simulation","Single-player, Family Sharing",0,-40
83,2373,62,24,"Action, Casual, Indie","Online PvP, Online Co-op, Steam Trading Cards, Steam Cloud, Stats, Family Sharing",0,-80
91,294,91,12,"Casual, Indie, Strategy","Single-player, Steam Achievements, Steam Cloud, Family Sharing",0,-15
57,45,54,24,"Indie, Simulation","Single-player, Steam Achievements, Steam Leaderboards, Family Sharing, Steam is learning about this game",0,-21
98,7260,100,46,"Casual, Indie","Single-player, Online PvP, Online Co-op, Steam Cloud, Family Sharing",0,-20
97,3641,96,32,"Casual, Indie, Strategy","Single-player, Steam Achievements, Steam Cloud, Family Sharing",0,-70
77,2363,66,12,"Action, Adventure, Indie, RPG","Single-player, Online PvP, Online Co-op, Shared/Split Screen Co-op, Steam Achievements, Steam Trading Cards, Remote Play on TV, Remote Play Together, Family Sharing",0,-75
91,879,90,20,"Action, Adventure, Indie, Simulation","Single-player, Steam Achievements, Family Sharing",0,-30
77,556,45,11,Strategy,"Single-player, Online PvP, Shared/Split Screen PvP, Remote Play Together",1,-60
95,801,97,41,"Action, Indie","Single-player, Family Sharing",0,-30
75,1173,91,23,"Action, Indie","Single-player, Steam Achievements, Steam Leaderboards, Remote Play on TV, Family Sharing",1,-70
94,3305,90,11,"Action, Adventure, Indie","Single-player, Steam Achievements, Steam Trading Cards, Steam Cloud, Family Sharing",0,-55
87,270,85,14,"Casual, Indie, Racing","Single-player, Shared/Split Screen PvP, Steam Achievements, Steam Trading Cards, Steam Cloud, Steam Leaderboards, Remote Play Together, Family Sharing",0,-90
67,1767,84,19,"Action, Adventure","Single-player, Family Sharing",0,-65
96,466,100,10,"Adventure, Casual, Indie","Single-player, Steam Achievements, Steam Trading Cards, Steam Cloud, Family Sharing",0,-33
88,566,84,13,"Adventure, Indie","Single-player, Steam Achievements, Family Sharing",0,-75
84,442,37,16,"Action, Indie, Early Access","Single-player, Steam Cloud, Family Sharing",0,-20
97,795,100,11,"Action, Adventure, Indie","Single-player, Steam Achievements, Family Sharing",0,-30
97,693,91,23,"Casual, Indie","Single-player, Steam Achievements, Steam Trading Cards, Steam Cloud, Family Sharing",0,-70
86,2002,93,15,"Action, RPG","Single-player, Steam Cloud, Family Sharing",0,-80
90,2183,90,20,"Action, Casual, Indie, RPG","Single-player, Steam Achievements, Steam Cloud, Family Sharing",0,-20
87,1044,82,23,"Action, Casual, Indie, Strategy","Single-player, Steam Achievements, Steam Trading Cards, Steam Cloud, Steam Leaderboards, Family Sharing",0,-90
82,64,80,25,"Adventure, Indie, Simulation, Strategy","Single-player, Steam Achievements, Steam Cloud, Family Sharing, Steam is learning about this game",0,-20
85,340,60,10,"Action, Indie","Single-player, Steam Achievements, Steam Cloud, Family Sharing",0,-35
43,431,10,10,"Indie, Simulation, Early Access","Single-player, Online Co-op, LAN Co-op, Family Sharing",0,-20
90,2835,72,11,"Action, Indie","Single-player, Steam Achievements, Steam Workshop, Steam Cloud, Stats, Steam Leaderboards, Includes level editor, Remote Play Together, Family Sharing",0,-80
86,2425,91,12,"Action, Adventure, Casual, Indie, RPG, Simulation, Strategy","Single-player, Steam Achievements, Steam Cloud, Stats, Family Sharing",0,-80
93,3900,96,25,"Adventure, Indie","Single-player, Steam Achievements, Steam Trading Cards, Steam Cloud, Family Sharing",0,-66
88,2559,43,16,"Action, Indie, Racing","Online PvP, Online Co-op, Family Sharing",0,-50
94,961,92,13,"Action, Adventure, Indie","Single-player, Steam Achievements, Steam Trading Cards, Family Sharing",0,-21
85,349,88,26,"Casual, Indie, Racing","Single-player, Shared/Split Screen PvP, Steam Achievements, Steam Trading Cards, Steam Cloud, Steam Leaderboards, Remote Play Together, Family Sharing",0,-81
95,2657,100,10,"Indie, RPG, Strategy","Single-player, Steam Achievements, Steam Trading Cards, Captions available, Steam Workshop, Steam Cloud, Steam Leaderboards, Family Sharing",0,-75
43,1308,30,10,"Action, Adventure","Single-player, Steam Achievements, Steam Trading Cards, Steam Cloud, Family Sharing",1,-80
83,838,82,17,"Casual, Indie, Sports","Single-player, Steam Achievements, Steam Cloud, Family Sharing",0,-70
66,2069,63,11,"Adventure, Indie","Single-player, Steam Achievements, Steam Cloud, Family Sharing",0,-80
83,3070,72,22,"Massively Multiplayer, Racing, Simulation, Sports","Single-player, MMO, Online PvP, Online Co-op, Family Sharing",0,-70
90,2634,100,16,"Action, Indie, Simulation","Single-player, Steam Achievements, Steam Trading Cards, Steam Cloud, Stats, Family Sharing",0,-50
79,177,76,17,"Action, Adventure, RPG","Single-player, Steam Achievements, Tracked Controller Support, VR Only, Family Sharing",0,-40
93,4756,81,11,"Action, Adventure, Indie","Single-player, Steam Achievements, Steam Trading Cards, Remote Play on TV, Family Sharing",0,-80
85,2529,78,19,"Indie, Strategy","Single-player, Online PvP, Online Co-op, Steam Achievements, Steam Trading Cards, Family Sharing",0,-80
79,892,70,10,Indie,"Single-player, Steam Achievements, Steam Trading Cards, Steam Cloud, Family Sharing",0,-80
56,1189,60,10,"Action, Adventure, Indie","Single-player, Steam Achievements, Steam Cloud, Remote Play on TV, Family Sharing",0,-75
95,11439,93,101,"Action, Adventure, Indie, RPG, Simulation","Single-player, Steam Achievements, Steam Trading Cards, Stats, Steam Leaderboards, Family Sharing",0,-50
73,1873,68,16,Indie,"Single-player, Steam Achievements, Steam Trading Cards, Steam Cloud, Family Sharing",0,-90
98,995,100,19,Casual,"Single-player, Steam Achievements, Steam Trading Cards, Steam Cloud, Family Sharing",0,-30
86,1638,90,32,Action,"Single-player, Steam Achievements, Steam Trading Cards, Steam Cloud, Stats, Steam Leaderboards, Family Sharing",0,-88
95,116,100,14,"Casual, Indie","Single-player, Steam Achievements, Steam Cloud, Family Sharing",0,-50
84,1206,52,19,"Adventure, Indie","Single-player, Shared/Split Screen Co-op, Steam Achievements, Steam Trading Cards, Steam Cloud, Remote Play on TV, Remote Play Together, Family Sharing",0,-71
86,1552,89,29,"Casual, Indie, Racing, Simulation, Sports","Single-player, Shared/Split Screen PvP, Steam Achievements, Steam Trading Cards, Steam Cloud, Steam Leaderboards, Remote Play Together, Family Sharing",0,-81
76,682,20,10,Action,"Single-player, Online PvP, Steam Achievements, Steam Trading Cards, Steam Cloud, Steam Leaderboards, Family Sharing",0,-85
82,5779,96,29,"Indie, Simulation","Single-player, Remote Play Together, Family Sharing",0,-80
88,1042,83,12,"Action, Adventure, Casual, Indie","Single-player, Steam Achievements, Steam Trading Cards, Steam Cloud, Remote Play on TV, Family Sharing",1,-80
81,1261,50,10,"Action, Casual","Single-player, Steam Achievements, Steam Leaderboards, Family Sharing",0,-50
93,33,90,11,"Action, Casual, Indie, RPG, Early Access","Single-player, Steam Achievements, Steam Cloud, Family Sharing, Steam is learning about this game",0,-10
93,1452,100,11,"Action, Adventure, Casual, Indie, Simulation, Early Access","Single-player, Steam Achievements, Steam Trading Cards, Steam Cloud, Family Sharing",0,-20
93,655,81,16,"Adventure, Indie","Single-player, Family Sharing",0,-55
94,707,95,20,Adventure,"Single-player, Family Sharing",0,-30
97,2276,100,16,"Action, Adventure, Indie, Simulation","Single-player, Steam Achievements, Steam Trading Cards, Steam Workshop, Steam Cloud, Includes level editor, Family Sharing",0,-25
83,1586,94,19,"Casual, Indie, Racing","Single-player, Shared/Split Screen PvP, Steam Achievements, Steam Trading Cards, Steam Cloud, Steam Leaderboards, Remote Play Together, Family Sharing",0,-81
78,371,63,11,"Action, Adventure, Indie, RPG","Single-player, Steam Achievements, Steam Cloud, Remote Play on TV, Family Sharing",0,-74
68,6062,78,19,"Action, Adventure, RPG","Single-player, Online Co-op, Steam Cloud, Family Sharing",0,-75
86,1677,100,12,"Adventure, Casual, Indie","Single-player, Steam Achievements, Family Sharing",0,-70
79,1413,80,10,"Adventure, Indie","Single-player, Steam Achievements, Steam Trading Cards, Captions available, Family Sharing",1,-50
81,202,72,18,"Adventure, Casual, Indie","Single-player, Steam Achievements, Family Sharing",0,-50
91,71,92,13,"Action, Indie, Simulation, Early Access","Single-player, VR Only, Family Sharing, Profile Features Limited",0,-10
96,991,88,17,Indie,"Single-player, Steam Achievements, Steam Cloud, Family Sharing",0,-67
98,59,97,39,"Action, Indie, Racing, Early Access","Single-player, Family Sharing",0,-50
98,874,97,34,"Casual, Indie","Single-player, Steam Achievements, Steam Trading Cards, Steam Cloud, Family Sharing",0,-21
67,1310,52,17,"Action, Adventure, Casual, Indie, Simulation, Strategy","Single-player, Steam Achievements, Family Sharing",0,-51
77,1704,80,10,"Action, Indie","Single-player, Steam Achievements, Steam Trading Cards, Steam Cloud, Family Sharing",0,-80
78,1802,83,18,"Action, Adventure, Casual, Indie, Simulation, Strategy","Single-player, Steam Achievements, Tracked Controller Support, VR Supported, Steam Cloud, Remote Play on TV, Family Sharing",0,-75
97,1653,100,18,"Casual, Indie","Single-player, Steam Achievements, Steam Trading Cards, Family Sharing",0,-30
83,90,81,11,"Indie, Simulation","Single-player, Online Co-op, Family Sharing, Profile Features Limited",0,-15
94,569,100,10,"Adventure, Indie","Single-player, Steam Achievements, Steam Cloud, Family Sharing",0,-50
71,7427,82,29,"Action, Adventure","Single-player, Online Co-op, Steam Achievements, Steam Cloud, Family Sharing",0,-85
87,3110,73,19,"Action, Adventure, Indie","Single-player, Shared/Split Screen Co-op, Steam Achievements, Steam Trading Cards, Steam Cloud, Stats, Steam Leaderboards, Remote Play on Phone, Remote Play on Tablet, Remote Play on TV, Remote Play Together, Family Sharing",0,-93
87,440,100,10,"Action, Casual, Indie, RPG, Simulation","Single-player, Steam Achievements, Steam Cloud, Family Sharing",0,-20
95,1768,94,38,"Action, Indie","Single-player, Steam Achievements, Steam Trading Cards, Steam Cloud, Family Sharing",0,-21
96,4649,100,24,"Casual, Indie, Strategy","Single-player, Steam Achievements, Steam Cloud, Family Sharing",0,-70
66,231,50,12,"Adventure, Casual, Indie, Simulation, Early Access","Single-player, Steam Achievements, Family Sharing",0,-49
89,1982,80,10,"Action, Adventure, Indie","Single-player, Shared/Split Screen PvP, Shared/Split Screen Co-op, Steam Achievements, Steam Trading Cards, Steam Cloud, Steam Leaderboards, Remote Play Together, Family Sharing",0,-80
80,607,64,14,"Action, Adventure","Single-player, Steam Achievements, Steam Trading Cards, Steam Cloud, Family Sharing",0,-65
70,199,71,14,"Action, Adventure, Casual, Indie","Single-player, Online Co-op, LAN Co-op, Shared/Split Screen Co-op, Steam Achievements, Steam Cloud, Remote Play Together, Family Sharing",0,-50
84,447,92,13,"Action, Adventure, Indie, Simulation","Single-player, Steam Achievements, Steam Trading Cards, Captions available, Family Sharing",0,-70
89,759,91,12,Action,"Single-player, Steam Achievements, Steam Leaderboards, Family Sharing",0,-50
86,2372,95,20,Racing,"Single-player, Steam Trading Cards, Remote Play Together, Family Sharing",0,-75
91,1225,80,10,Action,"Single-player, Steam Achievements, Steam Trading Cards, Steam Cloud, Steam Leaderboards, Remote Play Together, Family Sharing",1,-65
65,1391,73,15,"RPG, Strategy","Single-player, Family Sharing",0,-75
100,87,100,11,"Casual, Indie","Single-player, Steam Achievements, Family Sharing, Profile Features Limited",0,-20
95,2014,90,11,"Casual, Indie, Strategy","Single-player, Steam Achievements, Steam Cloud, Family Sharing",0,-70
97,18772,95,60,"Adventure, Casual, Indie, RPG, Simulation","Single-player, Family Sharing",0,-20
62,2796,52,38,"Adventure, Casual, Indie, Massively Multiplayer, Racing, Simulation, Sports","Single-player, MMO, Online PvP, Cross-Platform Multiplayer, Steam Trading Cards, Captions available, In-App Purchases, Stats, Commentary available, Remote Play Together, Family Sharing",0,-50
87,1328,81,11,"Action, Adventure, Indie","Single-player, Steam Achievements, Steam Trading Cards, Steam Cloud, Family Sharing",0,-80
71,6031,77,54,"Action, Adventure","Single-player, Remote Play on TV, Family Sharing",0,-75
95,1098,95,22,"Adventure, Casual, Indie","Single-player, Family Sharing",0,-51
96,218,100,10,"Casual, Indie","Single-player, Steam Achievements, Steam Leaderboards, Family Sharing",0,-26
74,151,66,12,"Action, Adventure, Casual, Indie","Single-player, Steam Achievements, Steam Trading Cards, Steam Cloud, Steam Leaderboards, Remote Play on Phone, Remote Play on Tablet, Remote Play on TV, Family Sharing",0,-85
82,1673,100,13,"Indie, Simulation","Single-player, Remote Play Together, Family Sharing",0,-80
96,66,100,14,"Casual, Indie, Simulation","Single-player, Family Sharing, Profile Features Limited",0,-15
88,1076,91,12,"Adventure, Casual, Indie","Single-player, Steam Achievements, Family Sharing",0,-56
69,958,93,16,"Action, Adventure, Casual, Indie, Simulation, Strategy","Single-player, Online PvP, Online Co-op, Steam Achievements, Steam Trading Cards, In-App Purchases, Steam Cloud, Steam Leaderboards, Family Sharing",0,-70
91,1771,91,12,"Adventure, Indie","Single-player, Family Sharing",0,-90
77,1863,83,12,"Action, Adventure, Indie","Single-player, Steam Achievements, Steam Trading Cards, Captions available, Steam Cloud, Remote Play on TV, Family Sharing",0,-75
96,59,100,12,"Adventure, Casual, Indie","Single-player, Steam Achievements, Family Sharing, Profile Features Limited",0,-21
84,2470,82,29,"Action, Adventure, Casual, Indie, Simulation, Strategy","Single-player, Steam Achievements, Family Sharing",0,-50
78,1470,83,12,Simulation,"Single-player, Steam Achievements, Stats, Steam Leaderboards, Family Sharing",0,-80
89,2083,84,19,"Casual, Indie","Single-player, Steam Achievements, Steam Trading Cards, Family Sharing",0,-72
94,128,100,10,"Casual, Indie, RPG","Single-player, Family Sharing, Profile Features Limited",0,-35
92,2755,93,1843,"Adventure, Casual, Indie","Single-player, Family Sharing",0,-100
100,55,100,33,"Action, Adventure, Casual, Indie, RPG","Single-player, Family Sharing, Steam is learning about this game",0,-50
90,50,76,13,"Action, Casual, Indie, Racing","Single-player, Steam Achievements, Stats, Steam Leaderboards, Family Sharing, Profile Features Limited",0,-31
86,272,90,11,"Casual, Indie, Racing","Single-player, Shared/Split Screen PvP, Steam Achievements, Steam Trading Cards, Steam Cloud, Steam Leaderboards, Remote Play Together, Family Sharing",0,-81
82,849,66,15,"Action, Casual, Indie, Massively Multiplayer","Online PvP, Online Co-op, Cross-Platform Multiplayer, Steam Achievements, Family Sharing",0,-50
79,235,81,11,Indie,"Single-player, Family Sharing",0,-26
94,1914,95,20,"Adventure, Casual, Indie","Single-player, Steam Achievements, Steam Trading Cards, Family Sharing",0,-50
90,3353,76,13,"Action, Indie","Single-player, Steam Achievements, Steam Trading Cards, Stats, Steam Leaderboards, Family Sharing",0,-75
92,2145,90,10,"Adventure, Casual, Indie","Single-player, Steam Achievements, Steam Trading Cards, Captions available, Remote Play on TV, Family Sharing",0,-70
94,318,100,18,"Action, Adventure, Casual, Indie","Single-player, Steam Achievements, Family Sharing, Profile Features Limited",0,-46
96,341,100,11,Casual,"Single-player, Steam Achievements, Steam Trading Cards, Family Sharing",0,-50
81,794,75,12,"Adventure, Indie","Single-player, Steam Achievements, Steam Cloud, Remote Play on Phone, Remote Play on Tablet, Family Sharing",0,-20
86,22,70,10,"Action, RPG","Single-player, Steam Achievements, Family Sharing, Profile Features Limited",0,-57
78,164,92,14,"Action, Indie, Early Access","Single-player, Online Co-op, Steam Achievements, Family Sharing, Profile Features Limited",0,-50
93,795,100,11,"Adventure, Casual, Indie","Single-player, Steam Achievements, Steam Trading Cards, Family Sharing",0,-60
85,94,100,10,"Casual, Indie, Racing","Single-player, Shared/Split Screen PvP, Steam Achievements, Steam Cloud, Remote Play Together, Family Sharing",0,-50
98,53,97,35,"Casual, Indie, RPG, Strategy","Single-player, Family Sharing, Steam is learning about this game",0,-50
90,377,83,12,"Action, Adventure, Casual, Indie, RPG, Simulation","Single-player, Family Sharing, Profile Features Limited",0,-50
75,143,94,17,"Action, Indie","Single-player, Steam Achievements, Steam Trading Cards, Family Sharing",0,-50
78,3613,77,18,"Action, Adventure, Indie, Massively Multiplayer, RPG","Single-player, Online PvP, Steam Achievements, Steam Trading Cards, Family Sharing",0,-50
94,17,90,10,"Action, Indie, Early Access","Single-player, Online PvP, Online Co-op, Cross-Platform Multiplayer, In-App Purchases, Family Sharing, Steam is learning about this game",0,-49
86,1673,77,27,"Casual, Indie, Racing","Single-player, Steam Achievements, Steam Trading Cards, Steam Cloud, Steam Leaderboards, Family Sharing",0,-50
79,409,72,11,"Casual, Indie, Strategy","Single-player, Steam Achievements, Steam Trading Cards, Steam Cloud, Family Sharing",0,-79
71,697,73,15,"Action, Indie","Single-player, Steam Achievements, Steam Trading Cards, Family Sharing",0,-50
68,1012,50,12,"Action, Indie","Single-player, Shared/Split Screen Co-op, Steam Trading Cards, Remote Play Together, Family Sharing",0,-19
63,477,50,10,"Action, Indie, Massively Multiplayer, Racing, Simulation","Single-player, Online PvP, Cross-Platform Multiplayer, Family Sharing, Profile Features Limited",0,-50
100,10,100,10,"Action, Casual, Indie, Simulation, Sports","Single-player, Steam Achievements, Family Sharing, Profile Features Limited",0,-15
69,18858,74,187,"Action, RPG","Single-player, Steam Achievements, Steam Cloud, Family Sharing",1,-85
36,3457,68,16,"Action, Adventure, RPG","Single-player, Steam Achievements, Steam Trading Cards, Family Sharing",1,-80
